show_id,type,title,director,cast,country,date_added,release_year,rating,duration,listed_in,description
s00001,Movie,Mystery House 163,Sarah Williams,Raj Kumar,Mexico,"May 28, 2018",2012,PG-13,95 min,Documentaries,A movie about love and the unexpected challenges that change everything.
s00002,TV Show,The Golden Road 120,Sarah Williams,Rahul Sharma,India,"September 27, 2015",1999,G,1 Season,Dramas,A tv show about family and the unexpected challenges that change everything.
s00003,TV Show,The Final Mission 106,Daniel Lee,Various Artists,Spain,"July 7, 2020",2014,TV-MA,5 Seasons,Horror Movies,A tv show about ambition and the unexpected challenges that change everything.
s00004,Movie,Ocean of Fire 70,Chris Taylor,Neha Patel,Japan,"July 24, 2015",2001,TV-MA,90 min,Anime Series,A movie about survival and the unexpected challenges that change everything.
s00005,Movie,A New Beginning 228,Michael Brown,Daniel Kim,Brazil,"April 20, 2017",2013,PG,82 min,Action and Adventure,A movie about ambition and the unexpected challenges that change everything.
s00006,Movie,The Last Kingdom 84,Sofia Martin,Riya Kapoor,Spain,"July 1, 2019",2007,PG-13,75 min,Sports Movies,A movie about family and the unexpected challenges that change everything.
s00007,Movie,Edge of Tomorrow 21,James Anderson,John Smith,Australia,"April 16, 2021",1993,PG-13,110 min,Horror Movies,A movie about family and the unexpected challenges that change everything.
s00008,TV Show,Midnight in Mumbai 7,Daniel Lee,Olivia James,India,"November 20, 2016",1995,R,8 Seasons,International Movies,A tv show about ambition and the unexpected challenges that change everything.
s00009,Movie,A New Beginning 160,Chris Taylor,Riya Kapoor,United Kingdom,"November 23, 2018",2013,PG,110 min,Horror Movies,A movie about mystery and the unexpected challenges that change everything.
s00010,Movie,Desert Storm 143,John Carter,Vikram Singh,Italy,"March 17, 2018",2005,TV-PG,150 min,Documentaries,A movie about love and the unexpected challenges that change everything.
s00011,Movie,Rise of the Phoenix 154,James Anderson,Michael Brown,Italy,"February 24, 2021",2001,R,110 min,Comedies,A movie about adventure and the unexpected challenges that change everything.
s00012,TV Show,Dangerous Game 142,Aarav Sharma,Arjun Mehta,France,"June 14, 2017",2014,PG-13,1 Season,Horror Movies,A tv show about survival and the unexpected challenges that change everything.
s00013,TV Show,The Final Mission 21,Arjun Patel,David Wilson,Italy,"June 14, 2015",2007,NR,2 Seasons,Children and Family Movies,A tv show about love and the unexpected challenges that change everything.
s00014,Movie,Ocean of Fire 161,Riya Sharma,Rahul Sharma,Japan,"October 20, 2019",2007,G,120 min,International TV Shows,A movie about adventure and the unexpected challenges that change everything.
s00015,Movie,Shadow of the Past 196,Karan Malhotra,Sophia Martin,India,"September 20, 2016",2020,TV-MA,82 min,Thrillers,A movie about love and the unexpected challenges that change everything.
s00016,Movie,The Lost Treasure 86,Neha Singh,Vikram Singh,India,"December 12, 2021",2012,G,120 min,Sports Movies,A movie about mystery and the unexpected challenges that change everything.
s00017,Movie,Into the Wild 81,Raj Mehta,Emily Stone,Italy,"May 25, 2021",2013,PG-13,110 min,International Movies,A movie about mystery and the unexpected challenges that change everything.
s00018,Movie,Love in Paris 28,David Wilson,Chris Taylor,United States,"July 26, 2016",2015,PG-13,150 min,Romantic Movies,A movie about family and the unexpected challenges that change everything.
s00019,Movie,Dream Catcher 169,Robert Davis,Various Artists,Spain,"September 21, 2020",1996,R,90 min,International TV Shows,A movie about love and the unexpected challenges that change everything.
s00020,Movie,Into the Wild 17,Karan Malhotra,Raj Kumar,Spain,"June 26, 2015",1991,PG,135 min,Dramas,A movie about family and the unexpected challenges that change everything.
s00021,Movie,Edge of Tomorrow 198,Sofia Martin,Olivia James,Canada,"August 23, 2017",1991,TV-MA,95 min,Action and Adventure,A movie about family and the unexpected challenges that change everything.
s00022,Movie,The Golden Road 5,Arjun Patel,John Smith,Brazil,"May 2, 2017",1991,TV-PG,90 min,Music and Musicals,A movie about love and the unexpected challenges that change everything.
s00023,Movie,A New Beginning 112,Karan Malhotra,Vikram Singh,France,"August 31, 2020",2014,R,150 min,Horror Movies,A movie about mystery and the unexpected challenges that change everything.
s00024,Movie,Dark Secrets 144,Sofia Martin,Chris Taylor,Australia,"April 8, 2015",2005,NR,82 min,Documentaries,A movie about adventure and the unexpected challenges that change everything.
s00025,Movie,Lost in the Stars 125,Anil Verma,Raj Kumar,Spain,"March 10, 2016",1996,R,95 min,Dramas,A movie about family and the unexpected challenges that change everything.
s00026,TV Show,Desert Storm 294,Aarav Sharma,Sarah Lee,India,"August 10, 2016",2017,TV-MA,8 Seasons,Crime TV Shows,A tv show about family and the unexpected challenges that change everything.
s00027,Movie,Code Zero 138,Daniel Lee,Michael Brown,Italy,"July 24, 2016",1992,NR,95 min,Thrillers,A movie about justice and the unexpected challenges that change everything.
s00028,Movie,Ocean of Fire 243,Arjun Patel,Emma Clark,Canada,"September 24, 2019",2020,TV-14,82 min,Anime Series,A movie about survival and the unexpected challenges that change everything.
s00029,Movie,Love in Paris 32,Neha Singh,Chris Taylor,Singapore,"August 17, 2017",1996,TV-MA,82 min,Comedies,A movie about ambition and the unexpected challenges that change everything.
s00030,Movie,The Golden Road 20,Anil Verma,Emily Stone,Canada,"May 13, 2021",2015,R,95 min,Sports Movies,A movie about love and the unexpected challenges that change everything.
s00031,Movie,Love in Paris 68,David Wilson,Michael Brown,Germany,"August 27, 2021",2003,R,82 min,Sports Movies,A movie about family and the unexpected challenges that change everything.
s00032,Movie,Midnight in Mumbai 214,Riya Sharma,Raj Kumar,India,"June 2, 2017",2004,R,90 min,Anime Series,A movie about justice and the unexpected challenges that change everything.
s00033,Movie,The Great Escape 232,Priya Kapoor,David Wilson,United States,"August 20, 2021",2010,TV-PG,120 min,Dramas,A movie about ambition and the unexpected challenges that change everything.
s00034,TV Show,A New Beginning 214,Chris Taylor,Olivia James,France,"October 27, 2020",2009,NR,2 Seasons,Horror Movies,A tv show about mystery and the unexpected challenges that change everything.
s00035,TV Show,The Final Mission 168,Aarav Sharma,Neha Patel,Mexico,"February 20, 2017",2015,TV-MA,6 Seasons,Crime TV Shows,A tv show about friendship and the unexpected challenges that change everything.
s00036,TV Show,Midnight in Mumbai 66,Arjun Patel,Various Artists,Singapore,"May 30, 2017",2014,TV-PG,1 Season,Action and Adventure,A tv show about love and the unexpected challenges that change everything.
s00037,Movie,Lost in the Stars 254,John Carter,Sarah Lee,France,"November 19, 2019",1992,TV-14,95 min,Comedies,A movie about family and the unexpected challenges that change everything.
s00038,Movie,Love in Paris 44,Karan Malhotra,Arjun Mehta,Japan,"June 14, 2020",1990,R,110 min,Documentaries,A movie about mystery and the unexpected challenges that change everything.
s00039,Movie,Dark Secrets 227,Michael Brown,Olivia James,Germany,"April 27, 2019",1995,PG,82 min,Dramas,A movie about justice and the unexpected challenges that change everything.
s00040,Movie,The Last Warrior 89,Sarah Williams,John Smith,Australia,"December 20, 2019",2016,R,150 min,Children and Family Movies,A movie about love and the unexpected challenges that change everything.
s00041,Movie,Edge of Tomorrow 197,Sofia Martin,John Smith,Canada,"April 16, 2018",2008,PG,101 min,Romantic Movies,A movie about justice and the unexpected challenges that change everything.
s00042,Movie,Dangerous Game 268,Riya Sharma,Olivia James,Spain,"February 17, 2017",1999,TV-MA,150 min,Sci-Fi and Fantasy,A movie about family and the unexpected challenges that change everything.
s00043,Movie,The Secret Island 297,Michael Brown,Michael Brown,India,"January 8, 2015",1993,TV-14,150 min,Thrillers,A movie about mystery and the unexpected challenges that change everything.
s00044,TV Show,Hidden Truth 85,Priya Kapoor,Arjun Mehta,Canada,"April 29, 2016",1997,PG-13,5 Seasons,Music and Musicals,A tv show about mystery and the unexpected challenges that change everything.
s00045,Movie,The Secret Island 47,Aarav Sharma,John Smith,Italy,"June 23, 2017",2004,G,101 min,Comedies,A movie about friendship and the unexpected challenges that change everything.
s00046,Movie,The Forgotten Path 238,Michael Brown,Michael Brown,United Kingdom,"May 21, 2020",1997,NR,150 min,Anime Series,A movie about friendship and the unexpected challenges that change everything.
s00047,Movie,The Last Kingdom 42,John Carter,Amit Verma,Australia,"May 18, 2018",2017,TV-MA,110 min,Thrillers,A movie about ambition and the unexpected challenges that change everything.
s00048,Movie,Shadow of the Past 268,Aarav Sharma,Olivia James,South Korea,"April 12, 2016",1991,TV-MA,110 min,Horror Movies,A movie about adventure and the unexpected challenges that change everything.
s00049,Movie,Future World 259,Sarah Williams,Riya Kapoor,Brazil,"April 27, 2017",2016,G,90 min,Documentaries,A movie about love and the unexpected challenges that change everything.
s00050,Movie,The Lost Treasure 40,David Wilson,Emma Clark,United States,"July 8, 2019",1995,TV-PG,110 min,Anime Series,A movie about adventure and the unexpected challenges that change everything.
s00051,TV Show,A New Beginning 129,David Wilson,Emily Stone,France,"March 17, 2021",2012,TV-MA,8 Seasons,Music and Musicals,A tv show about adventure and the unexpected challenges that change everything.
s00052,TV Show,The Final Mission 176,Chris Taylor,Riya Kapoor,Japan,"September 4, 2016",2000,R,2 Seasons,Dramas,A tv show about adventure and the unexpected challenges that change everything.
s00053,TV Show,Dark Secrets 260,Anil Verma,Michael Brown,Singapore,"September 4, 2016",2019,TV-14,8 Seasons,Children and Family Movies,A tv show about survival and the unexpected challenges that change everything.
s00054,TV Show,Mystery House 246,Karan Malhotra,David Wilson,Italy,"August 10, 2021",2008,PG,1 Season,International Movies,A tv show about mystery and the unexpected challenges that change everything.
s00055,Movie,City of Dreams 16,Emma Johnson,Ananya Singh,India,"March 28, 2019",1990,G,110 min,Crime TV Shows,A movie about ambition and the unexpected challenges that change everything.
s00056,TV Show,The Last Warrior 109,Karan Malhotra,Emily Stone,France,"July 28, 2016",2012,R,3 Seasons,Comedies,A tv show about ambition and the unexpected challenges that change everything.
s00057,Movie,The Silent Witness 21,Karan Malhotra,Rahul Sharma,Italy,"October 9, 2017",2019,R,110 min,Anime Series,A movie about family and the unexpected challenges that change everything.
s00058,Movie,Future World 162,Anil Verma,Vikram Singh,South Korea,"September 26, 2015",1993,TV-14,101 min,Sci-Fi and Fantasy,A movie about ambition and the unexpected challenges that change everything.
s00059,Movie,The Forgotten Path 102,James Anderson,Olivia James,Australia,"July 12, 2017",2015,TV-PG,95 min,Anime Series,A movie about ambition and the unexpected challenges that change everything.
s00060,Movie,Future World 59,David Wilson,Vikram Singh,Spain,"October 25, 2019",2012,PG-13,120 min,Dramas,A movie about mystery and the unexpected challenges that change everything.
s00061,Movie,Hidden Truth 131,Priya Kapoor,Emma Clark,Brazil,"April 10, 2019",1990,PG,135 min,Sports Movies,A movie about justice and the unexpected challenges that change everything.
s00062,Movie,Future World 281,Priya Kapoor,Various Artists,Germany,"February 21, 2021",2009,TV-PG,82 min,Sci-Fi and Fantasy,A movie about survival and the unexpected challenges that change everything.
s00063,TV Show,Lost in the Stars 154,Daniel Lee,Olivia James,Canada,"July 18, 2017",2019,R,2 Seasons,Dramas,A tv show about friendship and the unexpected challenges that change everything.
s00064,Movie,Ocean of Fire 189,Arjun Patel,Vikram Singh,Singapore,"August 15, 2015",2017,TV-14,135 min,Anime Series,A movie about adventure and the unexpected challenges that change everything.
s00065,Movie,Desert Storm 134,James Anderson,Sophia Martin,France,"September 22, 2015",2008,R,90 min,Dramas,A movie about family and the unexpected challenges that change everything.
s00066,Movie,Winter Nights 213,Neha Singh,Sarah Lee,United Kingdom,"November 19, 2018",2013,NR,75 min,Documentaries,A movie about family and the unexpected challenges that change everything.
s00067,Movie,Rise of the Phoenix 131,Michael Brown,Chris Taylor,Italy,"June 3, 2018",2001,PG,135 min,Anime Series,A movie about justice and the unexpected challenges that change everything.
s00068,TV Show,The Secret Island 286,David Wilson,Sophia Martin,Germany,"April 20, 2016",2015,PG-13,8 Seasons,Documentaries,A tv show about mystery and the unexpected challenges that change everything.
s00069,Movie,Winter Nights 248,Karan Malhotra,Sophia Martin,Italy,"January 12, 2021",2015,R,101 min,Sports Movies,A movie about family and the unexpected challenges that change everything.
s00070,TV Show,Desert Storm 163,Robert Davis,Sarah Lee,Japan,"July 9, 2015",2009,PG,3 Seasons,Action and Adventure,A tv show about love and the unexpected challenges that change everything.
s00071,TV Show,Shadow of the Past 75,Daniel Lee,David Wilson,Mexico,"February 10, 2015",2014,TV-PG,6 Seasons,Horror Movies,A tv show about family and the unexpected challenges that change everything.
s00072,Movie,Love in Paris 176,Neha Singh,Arjun Mehta,Australia,"May 15, 2021",2021,NR,120 min,Comedies,A movie about adventure and the unexpected challenges that change everything.
s00073,Movie,Dangerous Game 108,Neha Singh,David Wilson,Brazil,"May 9, 2021",2000,TV-MA,120 min,Music and Musicals,A movie about friendship and the unexpected challenges that change everything.
s00074,TV Show,Beyond the Horizon 289,Robert Davis,David Wilson,Singapore,"July 19, 2017",2009,G,5 Seasons,Documentaries,A tv show about justice and the unexpected challenges that change everything.
s00075,Movie,Ocean of Fire 66,Emma Johnson,Emma Clark,Germany,"May 8, 2021",1992,TV-MA,120 min,Crime TV Shows,A movie about ambition and the unexpected challenges that change everything.
s00076,TV Show,The Golden Road 248,David Wilson,Chris Taylor,United Kingdom,"July 24, 2017",2017,TV-MA,4 Seasons,Dramas,A tv show about family and the unexpected challenges that change everything.
s00077,TV Show,Mystery House 201,Neha Singh,Amit Verma,Singapore,"December 6, 2017",2009,NR,2 Seasons,Comedies,A tv show about mystery and the unexpected challenges that change everything.
s00078,Movie,Dark Secrets 1,Anil Verma,Daniel Kim,Germany,"May 4, 2015",1997,PG,110 min,Stand-Up Comedy,A movie about mystery and the unexpected challenges that change everything.
s00079,Movie,Winter Nights 128,Neha Singh,Michael Brown,Singapore,"May 4, 2017",2020,TV-14,135 min,Dramas,A movie about friendship and the unexpected challenges that change everything.
s00080,Movie,Beyond the Horizon 4,Daniel Lee,John Smith,Brazil,"May 22, 2019",2015,TV-MA,75 min,Documentaries,A movie about adventure and the unexpected challenges that change everything.
s00081,TV Show,Dangerous Game 294,Raj Mehta,Vikram Singh,United Kingdom,"April 28, 2020",2004,R,2 Seasons,Music and Musicals,A tv show about family and the unexpected challenges that change everything.
s00082,Movie,Broken Hearts 227,Priya Kapoor,Chris Taylor,Mexico,"June 16, 2016",2014,PG-13,110 min,Romantic Movies,A movie about family and the unexpected challenges that change everything.
s00083,Movie,Winter Nights 142,David Wilson,Olivia James,India,"August 6, 2017",1993,TV-MA,101 min,Stand-Up Comedy,A movie about ambition and the unexpected challenges that change everything.
s00084,Movie,Desert Storm 39,Priya Kapoor,John Smith,Spain,"April 4, 2016",1998,R,82 min,Sci-Fi and Fantasy,A movie about family and the unexpected challenges that change everything.
s00085,Movie,The Lost Treasure 207,Aarav Sharma,Riya Kapoor,Australia,"November 23, 2019",2007,G,110 min,Action and Adventure,A movie about survival and the unexpected challenges that change everything.
s00086,Movie,The Silent Witness 225,Neha Singh,Sophia Martin,India,"February 12, 2018",1995,G,110 min,Sports Movies,A movie about love and the unexpected challenges that change everything.
s00087,TV Show,Love in Paris 91,David Wilson,Various Artists,Italy,"March 16, 2021",1991,PG-13,5 Seasons,Music and Musicals,A tv show about justice and the unexpected challenges that change everything.
s00088,Movie,Love in Paris 100,Emma Johnson,Arjun Mehta,Singapore,"May 22, 2015",2010,R,82 min,Children and Family Movies,A movie about justice and the unexpected challenges that change everything.
s00089,TV Show,Ocean of Fire 190,Chris Taylor,Neha Patel,Spain,"April 19, 2017",1992,G,3 Seasons,Dramas,A tv show about justice and the unexpected challenges that change everything.
s00090,Movie,Dream Catcher 30,Anil Verma,Priya Shah,Germany,"August 10, 2019",2020,R,110 min,Children and Family Movies,A movie about survival and the unexpected challenges that change everything.
s00091,Movie,A New Beginning 84,Emma Johnson,Rahul Sharma,United States,"March 11, 2019",2006,R,82 min,Documentaries,A movie about ambition and the unexpected challenges that change everything.
s00092,Movie,The Great Escape 270,Riya Sharma,Sarah Lee,Mexico,"October 8, 2015",2015,NR,135 min,Sports Movies,A movie about friendship and the unexpected challenges that change everything.
s00093,TV Show,Lost in the Stars 150,Robert Davis,Sarah Lee,France,"October 17, 2019",2005,R,3 Seasons,International TV Shows,A tv show about justice and the unexpected challenges that change everything.
s00094,Movie,Into the Wild 110,Karan Malhotra,Riya Kapoor,France,"March 24, 2015",2008,PG,110 min,Sports Movies,A movie about mystery and the unexpected challenges that change everything.
s00095,TV Show,Hidden Truth 275,Emma Johnson,Sarah Lee,India,"December 20, 2018",1998,R,3 Seasons,International Movies,A tv show about love and the unexpected challenges that change everything.
s00096,Movie,The Final Mission 173,Priya Kapoor,Sophia Martin,Japan,"May 20, 2021",1996,PG-13,82 min,Horror Movies,A movie about mystery and the unexpected challenges that change everything.
s00097,Movie,Ocean of Fire 121,Sofia Martin,Priya Shah,Japan,"July 18, 2019",2017,TV-MA,150 min,Thrillers,A movie about mystery and the unexpected challenges that change everything.
s00098,Movie,Midnight in Mumbai 120,Aarav Sharma,Rahul Sharma,Japan,"February 25, 2017",1995,TV-PG,135 min,International Movies,A movie about friendship and the unexpected challenges that change everything.
s00099,Movie,Broken Hearts 164,Robert Davis,Sophia Martin,Germany,"December 31, 2018",1997,NR,110 min,Romantic Movies,A movie about friendship and the unexpected challenges that change everything.
s00100,Movie,A New Beginning 286,Arjun Patel,Emily Stone,Singapore,"November 17, 2021",1998,TV-14,120 min,Music and Musicals,A movie about family and the unexpected challenges that change everything.
s00101,Movie,Broken Hearts 161,Aarav Sharma,Amit Verma,United Kingdom,"June 25, 2021",2013,PG-13,82 min,Documentaries,A movie about family and the unexpected challenges that change everything.
s00102,Movie,Into the Wild 142,Neha Singh,Vikram Singh,Spain,"November 6, 2020",2000,R,150 min,Stand-Up Comedy,A movie about justice and the unexpected challenges that change everything.
s00103,Movie,Edge of Tomorrow 227,Chris Taylor,Olivia James,Singapore,"March 31, 2017",1998,G,101 min,Comedies,A movie about family and the unexpected challenges that change everything.
s00104,Movie,Winter Nights 222,Priya Kapoor,Daniel Kim,Japan,"July 9, 2021",1998,TV-14,90 min,Documentaries,A movie about love and the unexpected challenges that change everything.
s00105,TV Show,Into the Wild 68,John Carter,Priya Shah,United States,"September 28, 2019",2017,G,4 Seasons,Music and Musicals,A tv show about mystery and the unexpected challenges that change everything.
s00106,Movie,Midnight in Mumbai 2,Daniel Lee,Olivia James,Mexico,"December 5, 2019",1998,PG-13,135 min,Action and Adventure,A movie about adventure and the unexpected challenges that change everything.
s00107,Movie,Edge of Tomorrow 120,Emma Johnson,Neha Patel,Italy,"June 10, 2019",2020,R,120 min,International Movies,A movie about adventure and the unexpected challenges that change everything.
s00108,TV Show,Mystery House 183,Michael Brown,Michael Brown,Singapore,"July 2, 2018",2005,TV-PG,1 Season,Comedies,A tv show about love and the unexpected challenges that change everything.
s00109,Movie,The Lost Treasure 62,Robert Davis,Vikram Singh,Mexico,"November 29, 2021",2006,PG-13,135 min,International Movies,A movie about justice and the unexpected challenges that change everything.
s00110,Movie,Desert Storm 158,Robert Davis,David Wilson,Japan,"October 15, 2021",2001,NR,135 min,Action and Adventure,A movie about friendship and the unexpected challenges that change everything.
s00111,Movie,The Secret Island 267,Neha Singh,Arjun Mehta,Spain,"November 24, 2017",2021,PG-13,75 min,Action and Adventure,A movie about adventure and the unexpected challenges that change everything.
s00112,Movie,Future World 50,Raj Mehta,Michael Brown,Spain,"May 8, 2016",2010,TV-MA,90 min,Music and Musicals,A movie about justice and the unexpected challenges that change everything.
s00113,TV Show,Edge of Tomorrow 149,Emma Johnson,Priya Shah,Spain,"November 26, 2019",1994,G,6 Seasons,Music and Musicals,A tv show about family and the unexpected challenges that change everything.
s00114,TV Show,The Great Escape 276,Sofia Martin,Emma Clark,South Korea,"August 20, 2018",1994,PG,6 Seasons,International Movies,A tv show about love and the unexpected challenges that change everything.
s00115,Movie,The Forgotten Path 172,Neha Singh,Sophia Martin,Japan,"June 9, 2020",1990,G,150 min,Comedies,A movie about justice and the unexpected challenges that change everything.
s00116,TV Show,Lost in the Stars 201,Anil Verma,Michael Brown,South Korea,"August 6, 2020",2018,TV-14,8 Seasons,Stand-Up Comedy,A tv show about friendship and the unexpected challenges that change everything.
s00117,TV Show,Future World 35,Riya Sharma,Chris Taylor,France,"April 12, 2020",2006,TV-MA,2 Seasons,International TV Shows,A tv show about justice and the unexpected challenges that change everything.
s00118,Movie,Mystery House 216,Chris Taylor,Ananya Singh,Canada,"April 26, 2016",2021,PG-13,150 min,Thrillers,A movie about mystery and the unexpected challenges that change everything.
s00119,TV Show,Rise of the Phoenix 76,Arjun Patel,Emily Stone,United States,"October 28, 2017",2003,R,6 Seasons,Romantic Movies,A tv show about mystery and the unexpected challenges that change everything.
s00120,Movie,Into the Wild 147,Raj Mehta,Rahul Sharma,France,"June 10, 2016",2015,TV-14,95 min,International Movies,A movie about justice and the unexpected challenges that change everything.
s00121,TV Show,The Last Kingdom 93,Michael Brown,Sophia Martin,Mexico,"March 30, 2017",2011,PG-13,5 Seasons,Children and Family Movies,A tv show about ambition and the unexpected challenges that change everything.
s00122,TV Show,Dangerous Game 21,Arjun Patel,Sophia Martin,Canada,"March 29, 2021",2008,NR,5 Seasons,Thrillers,A tv show about ambition and the unexpected challenges that change everything.
s00123,Movie,The Final Mission 276,Karan Malhotra,Amit Verma,Singapore,"April 23, 2019",2014,TV-14,101 min,Anime Series,A movie about survival and the unexpected challenges that change everything.
s00124,Movie,Edge of Tomorrow 132,Karan Malhotra,Michael Brown,Singapore,"June 28, 2015",2012,TV-MA,101 min,Sci-Fi and Fantasy,A movie about justice and the unexpected challenges that change everything.
s00125,Movie,Dream Catcher 28,Michael Brown,Chris Taylor,Australia,"January 18, 2019",1993,NR,110 min,Crime TV Shows,A movie about ambition and the unexpected challenges that change everything.
s00126,Movie,Rise of the Phoenix 76,Anil Verma,Daniel Kim,Mexico,"November 30, 2018",2002,R,120 min,Documentaries,A movie about ambition and the unexpected challenges that change everything.
s00127,TV Show,Midnight in Mumbai 194,Anil Verma,Sophia Martin,Mexico,"August 1, 2016",2013,G,4 Seasons,Thrillers,A tv show about justice and the unexpected challenges that change everything.
s00128,TV Show,Midnight in Mumbai 257,Michael Brown,Various Artists,Spain,"March 31, 2018",1997,PG,8 Seasons,International Movies,A tv show about justice and the unexpected challenges that change everything.
s00129,Movie,The Last Kingdom 262,Karan Malhotra,Chris Taylor,United States,"January 15, 2018",2011,TV-PG,120 min,Thrillers,A movie about family and the unexpected challenges that change everything.
s00130,Movie,The Great Escape 61,Emma Johnson,Arjun Mehta,Spain,"April 20, 2020",2001,G,82 min,Crime TV Shows,A movie about ambition and the unexpected challenges that change everything.
s00131,Movie,The Forgotten Path 218,Arjun Patel,Rahul Sharma,United States,"September 19, 2015",2016,TV-14,95 min,Sci-Fi and Fantasy,A movie about adventure and the unexpected challenges that change everything.
s00132,Movie,The Golden Road 93,John Carter,Emma Clark,India,"January 30, 2019",2002,TV-14,135 min,Romantic Movies,A movie about mystery and the unexpected challenges that change everything.
s00133,Movie,The Secret Island 142,Raj Mehta,Ananya Singh,South Korea,"May 16, 2017",1992,TV-MA,101 min,International TV Shows,A movie about survival and the unexpected challenges that change everything.
s00134,Movie,Love in Paris 237,Michael Brown,Sarah Lee,Australia,"December 26, 2018",2009,G,90 min,Romantic Movies,A movie about love and the unexpected challenges that change everything.
s00135,TV Show,Lost in the Stars 177,James Anderson,Vikram Singh,Italy,"January 22, 2020",2002,R,4 Seasons,Thrillers,A tv show about adventure and the unexpected challenges that change everything.
s00136,Movie,Rise of the Phoenix 49,Emma Johnson,Chris Taylor,Japan,"December 1, 2016",2003,TV-MA,135 min,Sci-Fi and Fantasy,A movie about love and the unexpected challenges that change everything.
s00137,Movie,Lost in the Stars 190,Chris Taylor,Riya Kapoor,Spain,"May 30, 2017",1997,PG-13,120 min,Children and Family Movies,A movie about justice and the unexpected challenges that change everything.
s00138,Movie,Dream Catcher 90,Robert Davis,Daniel Kim,France,"July 8, 2016",1996,NR,82 min,Documentaries,A movie about ambition and the unexpected challenges that change everything.
s00139,Movie,Broken Hearts 245,Sofia Martin,Neha Patel,Japan,"December 7, 2015",2006,PG-13,75 min,Stand-Up Comedy,A movie about mystery and the unexpected challenges that change everything.
s00140,TV Show,The Silent Witness 106,Aarav Sharma,Vikram Singh,Mexico,"December 4, 2016",2000,NR,8 Seasons,Sci-Fi and Fantasy,A tv show about adventure and the unexpected challenges that change everything.
s00141,TV Show,The Last Warrior 233,Sofia Martin,Sarah Lee,Italy,"August 26, 2021",1998,R,5 Seasons,Children and Family Movies,A tv show about love and the unexpected challenges that change everything.
s00142,Movie,Mystery House 37,Sarah Williams,Ananya Singh,Japan,"September 29, 2018",2006,NR,75 min,International TV Shows,A movie about love and the unexpected challenges that change everything.
s00143,Movie,Lost in the Stars 17,Robert Davis,Arjun Mehta,Mexico,"July 6, 2016",2013,G,90 min,Horror Movies,A movie about love and the unexpected challenges that change everything.
s00144,Movie,The Lost Treasure 59,Riya Sharma,Riya Kapoor,Australia,"December 18, 2019",1996,PG-13,90 min,Children and Family Movies,A movie about justice and the unexpected challenges that change everything.
s00145,Movie,The Lost Treasure 41,Robert Davis,Arjun Mehta,Brazil,"July 2, 2015",1996,TV-14,135 min,Action and Adventure,A movie about love and the unexpected challenges that change everything.
s00146,Movie,Winter Nights 192,Daniel Lee,David Wilson,Singapore,"February 1, 2016",2000,PG,82 min,Stand-Up Comedy,A movie about friendship and the unexpected challenges that change everything.
s00147,Movie,A New Beginning 147,Riya Sharma,Emily Stone,Germany,"February 26, 2019",2000,PG,101 min,Stand-Up Comedy,A movie about survival and the unexpected challenges that change everything.
s00148,Movie,The Last Kingdom 127,Daniel Lee,Sophia Martin,United States,"September 18, 2018",2003,PG,95 min,Action and Adventure,A movie about justice and the unexpected challenges that change everything.
s00149,Movie,Edge of Tomorrow 168,Robert Davis,Emma Clark,India,"January 1, 2015",2001,TV-PG,75 min,Comedies,A movie about mystery and the unexpected challenges that change everything.
s00150,Movie,The Great Escape 72,Sarah Williams,Emily Stone,Canada,"January 19, 2015",1997,TV-PG,120 min,Sports Movies,A movie about survival and the unexpected challenges that change everything.
s00151,TV Show,Future World 109,Riya Sharma,Emma Clark,Spain,"July 29, 2020",2001,TV-PG,4 Seasons,International Movies,A tv show about justice and the unexpected challenges that change everything.
s00152,Movie,The Last Warrior 240,Neha Singh,Michael Brown,United States,"October 28, 2021",1990,PG,95 min,Sports Movies,A movie about justice and the unexpected challenges that change everything.
s00153,Movie,Ocean of Fire 250,Sofia Martin,Emily Stone,Italy,"November 20, 2020",1994,PG,150 min,International TV Shows,A movie about friendship and the unexpected challenges that change everything.
s00154,Movie,Dark Secrets 153,Emma Johnson,Daniel Kim,India,"June 3, 2016",2016,NR,82 min,Horror Movies,A movie about friendship and the unexpected challenges that change everything.
s00155,TV Show,Midnight in Mumbai 158,Anil Verma,Sarah Lee,United Kingdom,"June 23, 2015",2002,R,1 Season,Horror Movies,A tv show about adventure and the unexpected challenges that change everything.
s00156,Movie,Dangerous Game 215,Daniel Lee,Arjun Mehta,Brazil,"October 14, 2021",2006,TV-PG,75 min,Children and Family Movies,A movie about love and the unexpected challenges that change everything.
s00157,Movie,Shadow of the Past 146,Riya Sharma,Michael Brown,Brazil,"September 7, 2019",1991,TV-PG,82 min,Dramas,A movie about love and the unexpected challenges that change everything.
s00158,TV Show,The Silent Witness 161,Sofia Martin,Sarah Lee,Spain,"September 9, 2018",2020,PG,1 Season,Romantic Movies,A tv show about mystery and the unexpected challenges that change everything.
s00159,Movie,Midnight in Mumbai 82,Michael Brown,Emma Clark,Australia,"February 24, 2016",1994,TV-14,82 min,Music and Musicals,A movie about justice and the unexpected challenges that change everything.
s00160,TV Show,Winter Nights 84,Sofia Martin,Various Artists,Spain,"November 10, 2019",2006,TV-14,4 Seasons,Documentaries,A tv show about friendship and the unexpected challenges that change everything.
s00161,Movie,The Golden Road 243,Karan Malhotra,Olivia James,Germany,"November 28, 2015",2004,TV-MA,75 min,Music and Musicals,A movie about ambition and the unexpected challenges that change everything.
s00162,Movie,Love in Paris 258,Sarah Williams,Sophia Martin,Mexico,"September 19, 2020",2020,NR,82 min,Action and Adventure,A movie about survival and the unexpected challenges that change everything.
s00163,Movie,The Last Warrior 202,Michael Brown,John Smith,United Kingdom,"April 15, 2015",1991,PG-13,150 min,Crime TV Shows,A movie about ambition and the unexpected challenges that change everything.
s00164,Movie,The Last Warrior 266,Karan Malhotra,Olivia James,Germany,"January 17, 2020",2003,G,82 min,International Movies,A movie about adventure and the unexpected challenges that change everything.
s00165,Movie,Love in Paris 51,Chris Taylor,Sarah Lee,France,"July 29, 2015",2011,PG,135 min,Stand-Up Comedy,A movie about ambition and the unexpected challenges that change everything.
s00166,TV Show,The Golden Road 259,Sarah Williams,Arjun Mehta,France,"April 13, 2019",2009,PG,6 Seasons,Children and Family Movies,A tv show about survival and the unexpected challenges that change everything.
s00167,Movie,Shadow of the Past 155,Arjun Patel,John Smith,India,"November 6, 2021",2010,TV-14,82 min,Anime Series,A movie about family and the unexpected challenges that change everything.
s00168,Movie,The Golden Road 166,Sofia Martin,Amit Verma,Australia,"June 17, 2019",1992,TV-MA,150 min,Crime TV Shows,A movie about family and the unexpected challenges that change everything.
s00169,Movie,Love in Paris 296,Sofia Martin,Emma Clark,Singapore,"April 19, 2020",1991,TV-MA,101 min,Sci-Fi and Fantasy,A movie about survival and the unexpected challenges that change everything.
s00170,Movie,The Last Kingdom 268,Karan Malhotra,Daniel Kim,United Kingdom,"January 9, 2018",1992,NR,95 min,International Movies,A movie about survival and the unexpected challenges that change everything.
s00171,Movie,Dream Catcher 213,Riya Sharma,Riya Kapoor,India,"April 1, 2021",2019,PG-13,95 min,Anime Series,A movie about friendship and the unexpected challenges that change everything.
s00172,Movie,The Last Warrior 127,Emma Johnson,Raj Kumar,United Kingdom,"February 18, 2015",2020,PG-13,101 min,Crime TV Shows,A movie about survival and the unexpected challenges that change everything.
s00173,Movie,The Silent Witness 294,David Wilson,Amit Verma,Spain,"December 2, 2018",2017,G,82 min,Thrillers,A movie about friendship and the unexpected challenges that change everything.
s00174,Movie,Lost in the Stars 107,Karan Malhotra,Daniel Kim,France,"May 13, 2021",2007,G,135 min,Crime TV Shows,A movie about love and the unexpected challenges that change everything.
s00175,Movie,Beyond the Horizon 99,Robert Davis,Arjun Mehta,Brazil,"October 3, 2021",2002,TV-14,75 min,Thrillers,A movie about love and the unexpected challenges that change everything.
s00176,Movie,Winter Nights 73,Aarav Sharma,John Smith,Japan,"January 10, 2016",2010,NR,120 min,Music and Musicals,A movie about justice and the unexpected challenges that change everything.
s00177,Movie,Love in Paris 122,Emma Johnson,Daniel Kim,Brazil,"July 14, 2020",2019,TV-14,110 min,Anime Series,A movie about family and the unexpected challenges that change everything.
s00178,Movie,Hidden Truth 288,Arjun Patel,Various Artists,Italy,"March 4, 2020",1992,PG-13,75 min,Documentaries,A movie about ambition and the unexpected challenges that change everything.
s00179,TV Show,The Last Warrior 156,Aarav Sharma,Raj Kumar,Canada,"February 20, 2021",2001,PG-13,2 Seasons,Thrillers,A tv show about mystery and the unexpected challenges that change everything.
s00180,Movie,Hidden Truth 63,Anil Verma,Emily Stone,United States,"November 30, 2017",2012,NR,120 min,Romantic Movies,A movie about love and the unexpected challenges that change everything.
s00181,Movie,Dark Secrets 75,Riya Sharma,Sarah Lee,Australia,"December 26, 2015",2005,PG,82 min,Stand-Up Comedy,A movie about friendship and the unexpected challenges that change everything.
s00182,Movie,Love in Paris 118,Raj Mehta,Chris Taylor,India,"August 3, 2020",1993,PG,120 min,Stand-Up Comedy,A movie about ambition and the unexpected challenges that change everything.
s00183,TV Show,Hidden Truth 167,Sarah Williams,David Wilson,United States,"November 4, 2018",1991,PG,2 Seasons,Sports Movies,A tv show about survival and the unexpected challenges that change everything.
s00184,TV Show,Lost in the Stars 156,Neha Singh,Emily Stone,Canada,"October 23, 2021",1994,G,5 Seasons,Stand-Up Comedy,A tv show about family and the unexpected challenges that change everything.
s00185,Movie,Dark Secrets 196,Robert Davis,Arjun Mehta,Canada,"January 7, 2015",1994,PG,90 min,Action and Adventure,A movie about family and the unexpected challenges that change everything.
s00186,Movie,Code Zero 193,Karan Malhotra,Daniel Kim,Brazil,"May 11, 2019",2004,PG,110 min,Thrillers,A movie about adventure and the unexpected challenges that change everything.
s00187,TV Show,The Last Kingdom 157,Michael Brown,Michael Brown,Canada,"December 16, 2019",1999,TV-PG,5 Seasons,Thrillers,A tv show about family and the unexpected challenges that change everything.
s00188,Movie,City of Dreams 126,Arjun Patel,Chris Taylor,Brazil,"July 2, 2017",2000,NR,110 min,Crime TV Shows,A movie about love and the unexpected challenges that change everything.
s00189,Movie,Rise of the Phoenix 294,John Carter,Sophia Martin,Germany,"March 27, 2017",2021,PG-13,101 min,Comedies,A movie about survival and the unexpected challenges that change everything.
s00190,Movie,Code Zero 176,John Carter,Olivia James,Germany,"June 30, 2021",2009,NR,75 min,Comedies,A movie about survival and the unexpected challenges that change everything.
s00191,Movie,Dangerous Game 204,Robert Davis,John Smith,Italy,"January 3, 2019",1995,TV-14,150 min,Stand-Up Comedy,A movie about justice and the unexpected challenges that change everything.
s00192,TV Show,Broken Hearts 31,Riya Sharma,Ananya Singh,Germany,"April 12, 2017",1993,R,3 Seasons,Music and Musicals,A tv show about love and the unexpected challenges that change everything.
s00193,TV Show,Midnight in Mumbai 67,Chris Taylor,Emily Stone,Brazil,"July 7, 2019",2000,PG,6 Seasons,Action and Adventure,A tv show about love and the unexpected challenges that change everything.
s00194,Movie,Midnight in Mumbai 260,Daniel Lee,Chris Taylor,Germany,"July 10, 2016",2015,TV-PG,110 min,International TV Shows,A movie about mystery and the unexpected challenges that change everything.
s00195,Movie,Dark Secrets 234,Neha Singh,Arjun Mehta,Italy,"March 24, 2018",2008,TV-MA,110 min,Action and Adventure,A movie about survival and the unexpected challenges that change everything.
s00196,Movie,The Last Kingdom 262,Riya Sharma,David Wilson,Japan,"January 16, 2020",2016,PG-13,90 min,Crime TV Shows,A movie about family and the unexpected challenges that change everything.
s00197,TV Show,Broken Hearts 245,Michael Brown,Riya Kapoor,Japan,"December 12, 2020",2019,G,2 Seasons,Action and Adventure,A tv show about mystery and the unexpected challenges that change everything.
s00198,TV Show,Into the Wild 122,James Anderson,Arjun Mehta,Singapore,"December 7, 2021",2018,TV-PG,6 Seasons,Action and Adventure,A tv show about ambition and the unexpected challenges that change everything.
s00199,TV Show,Code Zero 170,Sofia Martin,Raj Kumar,South Korea,"April 22, 2019",2017,PG-13,2 Seasons,Horror Movies,A tv show about survival and the unexpected challenges that change everything.
s00200,TV Show,Winter Nights 274,Arjun Patel,Daniel Kim,Canada,"September 28, 2019",2017,TV-PG,2 Seasons,Action and Adventure,A tv show about mystery and the unexpected challenges that change everything.
s00201,Movie,Dream Catcher 285,Sarah Williams,Various Artists,Brazil,"February 26, 2021",2002,TV-MA,110 min,Thrillers,A movie about ambition and the unexpected challenges that change everything.
s00202,Movie,Shadow of the Past 126,David Wilson,Priya Shah,Singapore,"February 28, 2015",2009,TV-PG,135 min,Comedies,A movie about ambition and the unexpected challenges that change everything.
s00203,Movie,Beyond the Horizon 109,Daniel Lee,Chris Taylor,Spain,"April 20, 2020",2021,PG-13,135 min,Documentaries,A movie about adventure and the unexpected challenges that change everything.
s00204,TV Show,Hidden Truth 68,Arjun Patel,Daniel Kim,South Korea,"July 25, 2018",1994,NR,4 Seasons,Sci-Fi and Fantasy,A tv show about ambition and the unexpected challenges that change everything.
s00205,Movie,Code Zero 162,Karan Malhotra,Emma Clark,United Kingdom,"June 10, 2021",2002,R,90 min,Children and Family Movies,A movie about friendship and the unexpected challenges that change everything.
s00206,Movie,Mystery House 42,Arjun Patel,Riya Kapoor,Australia,"March 31, 2017",1991,TV-14,150 min,International Movies,A movie about mystery and the unexpected challenges that change everything.
s00207,Movie,Lost in the Stars 109,David Wilson,Michael Brown,Germany,"December 10, 2018",2008,TV-PG,120 min,Action and Adventure,A movie about adventure and the unexpected challenges that change everything.
s00208,Movie,Dangerous Game 21,Chris Taylor,Riya Kapoor,United States,"January 31, 2017",2001,G,75 min,Stand-Up Comedy,A movie about survival and the unexpected challenges that change everything.
s00209,Movie,Ocean of Fire 92,James Anderson,John Smith,South Korea,"May 19, 2015",2020,R,75 min,Crime TV Shows,A movie about family and the unexpected challenges that change everything.
s00210,Movie,Dangerous Game 125,Anil Verma,Amit Verma,United Kingdom,"July 27, 2018",1992,TV-MA,101 min,Music and Musicals,A movie about love and the unexpected challenges that change everything.
s00211,Movie,Winter Nights 111,Arjun Patel,Chris Taylor,Spain,"June 27, 2017",1991,TV-MA,82 min,Dramas,A movie about mystery and the unexpected challenges that change everything.
s00212,Movie,The Final Mission 273,Michael Brown,Rahul Sharma,Mexico,"December 26, 2020",1992,G,82 min,Sci-Fi and Fantasy,A movie about adventure and the unexpected challenges that change everything.
s00213,Movie,Hidden Truth 214,Sarah Williams,Ananya Singh,Canada,"November 21, 2020",2014,G,135 min,Action and Adventure,A movie about family and the unexpected challenges that change everything.
s00214,Movie,Dangerous Game 8,Arjun Patel,Vikram Singh,Australia,"June 14, 2015",2017,TV-MA,150 min,Documentaries,A movie about love and the unexpected challenges that change everything.
s00215,Movie,Hidden Truth 101,Neha Singh,Raj Kumar,Spain,"October 18, 2016",1993,PG,95 min,Anime Series,A movie about love and the unexpected challenges that change everything.
s00216,Movie,Future World 147,John Carter,Various Artists,South Korea,"March 24, 2020",2020,TV-14,150 min,Dramas,A movie about ambition and the unexpected challenges that change everything.
s00217,Movie,Dream Catcher 91,Arjun Patel,Ananya Singh,Italy,"October 12, 2020",2010,G,110 min,Children and Family Movies,A movie about friendship and the unexpected challenges that change everything.
s00218,TV Show,Beyond the Horizon 267,John Carter,Riya Kapoor,Canada,"March 4, 2020",2011,TV-14,8 Seasons,Crime TV Shows,A tv show about love and the unexpected challenges that change everything.
s00219,Movie,Midnight in Mumbai 47,Sofia Martin,Rahul Sharma,South Korea,"September 5, 2019",2001,TV-PG,135 min,Music and Musicals,A movie about love and the unexpected challenges that change everything.
s00220,TV Show,The Lost Treasure 149,Michael Brown,John Smith,Mexico,"April 12, 2021",2011,NR,1 Season,Sci-Fi and Fantasy,A tv show about adventure and the unexpected challenges that change everything.
s00221,Movie,Midnight in Mumbai 5,Priya Kapoor,Ananya Singh,South Korea,"September 8, 2021",2006,PG-13,150 min,Stand-Up Comedy,A movie about justice and the unexpected challenges that change everything.
s00222,Movie,A New Beginning 20,Aarav Sharma,Daniel Kim,Japan,"April 22, 2018",1998,PG,75 min,Crime TV Shows,A movie about mystery and the unexpected challenges that change everything.
s00223,Movie,The Last Kingdom 12,Sofia Martin,Emma Clark,France,"July 11, 2016",1995,NR,120 min,Crime TV Shows,A movie about love and the unexpected challenges that change everything.
s00224,Movie,The Great Escape 147,Arjun Patel,Riya Kapoor,Brazil,"June 1, 2017",2015,PG-13,82 min,Anime Series,A movie about family and the unexpected challenges that change everything.
s00225,Movie,Love in Paris 70,David Wilson,Rahul Sharma,Japan,"November 7, 2019",2020,PG,82 min,Action and Adventure,A movie about survival and the unexpected challenges that change everything.
s00226,Movie,Future World 250,Robert Davis,Olivia James,Germany,"November 25, 2016",1993,G,90 min,Sports Movies,A movie about survival and the unexpected challenges that change everything.
s00227,TV Show,Rise of the Phoenix 216,Aarav Sharma,Riya Kapoor,Spain,"May 30, 2019",2012,G,3 Seasons,Comedies,A tv show about family and the unexpected challenges that change everything.
s00228,Movie,Future World 203,James Anderson,Riya Kapoor,Australia,"February 3, 2016",2021,TV-PG,75 min,Thrillers,A movie about justice and the unexpected challenges that change everything.
s00229,TV Show,Midnight in Mumbai 242,Michael Brown,John Smith,Canada,"December 21, 2021",2006,PG,3 Seasons,Stand-Up Comedy,A tv show about friendship and the unexpected challenges that change everything.
s00230,Movie,The Last Warrior 219,Michael Brown,Chris Taylor,South Korea,"September 11, 2019",2007,PG,135 min,Action and Adventure,A movie about love and the unexpected challenges that change everything.
s00231,TV Show,Code Zero 175,Sofia Martin,David Wilson,South Korea,"August 26, 2016",2020,PG-13,2 Seasons,International Movies,A tv show about friendship and the unexpected challenges that change everything.
s00232,Movie,The Golden Road 163,David Wilson,Sophia Martin,Australia,"June 21, 2017",2005,G,150 min,International Movies,A movie about mystery and the unexpected challenges that change everything.
s00233,Movie,Winter Nights 116,Emma Johnson,Chris Taylor,Canada,"February 7, 2020",2002,PG-13,135 min,Horror Movies,A movie about family and the unexpected challenges that change everything.
s00234,Movie,Shadow of the Past 225,John Carter,Chris Taylor,United Kingdom,"July 12, 2021",2021,NR,82 min,Crime TV Shows,A movie about survival and the unexpected challenges that change everything.
s00235,Movie,Desert Storm 147,John Carter,Rahul Sharma,Australia,"April 19, 2017",2020,PG-13,101 min,Romantic Movies,A movie about love and the unexpected challenges that change everything.
s00236,TV Show,The Lost Treasure 13,Sofia Martin,Various Artists,Canada,"September 8, 2018",2004,TV-14,2 Seasons,Thrillers,A tv show about adventure and the unexpected challenges that change everything.
s00237,Movie,The Lost Treasure 287,Arjun Patel,Raj Kumar,South Korea,"September 21, 2019",2012,PG,135 min,Thrillers,A movie about family and the unexpected challenges that change everything.
s00238,Movie,Lost in the Stars 22,Robert Davis,David Wilson,Mexico,"February 11, 2018",2018,NR,150 min,Anime Series,A movie about ambition and the unexpected challenges that change everything.
s00239,Movie,Dangerous Game 171,John Carter,Amit Verma,South Korea,"October 16, 2019",1992,TV-14,135 min,Sports Movies,A movie about survival and the unexpected challenges that change everything.
s00240,Movie,Shadow of the Past 126,Riya Sharma,Neha Patel,United Kingdom,"January 8, 2020",2010,TV-PG,120 min,Comedies,A movie about family and the unexpected challenges that change everything.
s00241,TV Show,Code Zero 204,Michael Brown,Olivia James,United Kingdom,"June 22, 2020",1991,TV-PG,3 Seasons,Documentaries,A tv show about survival and the unexpected challenges that change everything.
s00242,TV Show,Code Zero 286,Robert Davis,John Smith,Japan,"November 26, 2016",2014,R,6 Seasons,Children and Family Movies,A tv show about love and the unexpected challenges that change everything.
s00243,TV Show,Mystery House 264,Robert Davis,Vikram Singh,Australia,"January 19, 2015",2015,TV-14,5 Seasons,Romantic Movies,A tv show about love and the unexpected challenges that change everything.
s00244,Movie,City of Dreams 30,Anil Verma,Neha Patel,United States,"April 23, 2015",1996,TV-MA,82 min,Comedies,A movie about mystery and the unexpected challenges that change everything.
s00245,Movie,Mystery House 65,Priya Kapoor,Neha Patel,France,"August 1, 2016",1993,TV-MA,135 min,Sci-Fi and Fantasy,A movie about mystery and the unexpected challenges that change everything.
s00246,TV Show,The Great Escape 37,Daniel Lee,David Wilson,Japan,"January 25, 2015",1990,NR,1 Season,Comedies,A tv show about love and the unexpected challenges that change everything.
s00247,Movie,Rise of the Phoenix 141,Neha Singh,Sophia Martin,Germany,"April 22, 2019",1997,R,110 min,Thrillers,A movie about survival and the unexpected challenges that change everything.
s00248,TV Show,Dream Catcher 188,Anil Verma,Riya Kapoor,France,"October 9, 2016",2021,TV-PG,8 Seasons,International TV Shows,A tv show about family and the unexpected challenges that change everything.
s00249,TV Show,The Forgotten Path 127,Daniel Lee,Chris Taylor,India,"July 20, 2015",1990,PG-13,4 Seasons,Documentaries,A tv show about love and the unexpected challenges that change everything.
s00250,TV Show,The Last Kingdom 194,Aarav Sharma,Olivia James,France,"June 30, 2016",2020,G,2 Seasons,Romantic Movies,A tv show about survival and the unexpected challenges that change everything.
s00251,Movie,Edge of Tomorrow 260,Anil Verma,Daniel Kim,Brazil,"March 12, 2017",2019,TV-PG,135 min,Sports Movies,A movie about justice and the unexpected challenges that change everything.
s00252,Movie,The Secret Island 75,Robert Davis,Sophia Martin,United States,"July 7, 2020",1992,TV-14,120 min,Sports Movies,A movie about adventure and the unexpected challenges that change everything.
s00253,TV Show,The Final Mission 188,Sofia Martin,Ananya Singh,United States,"June 28, 2017",2002,PG-13,4 Seasons,Music and Musicals,A tv show about mystery and the unexpected challenges that change everything.
s00254,Movie,Into the Wild 290,Raj Mehta,Emily Stone,France,"July 8, 2020",2002,TV-PG,101 min,International TV Shows,A movie about ambition and the unexpected challenges that change everything.
s00255,Movie,Beyond the Horizon 123,Aarav Sharma,David Wilson,United States,"October 31, 2020",1995,R,110 min,Sci-Fi and Fantasy,A movie about family and the unexpected challenges that change everything.
s00256,Movie,Dark Secrets 66,Karan Malhotra,Chris Taylor,Brazil,"April 1, 2019",1997,PG-13,82 min,Thrillers,A movie about family and the unexpected challenges that change everything.
s00257,TV Show,Dark Secrets 162,Sofia Martin,Arjun Mehta,Australia,"August 8, 2019",1999,PG,8 Seasons,Thrillers,A tv show about adventure and the unexpected challenges that change everything.
s00258,Movie,The Last Warrior 13,Karan Malhotra,David Wilson,Australia,"June 27, 2021",2013,TV-MA,75 min,Comedies,A movie about love and the unexpected challenges that change everything.
s00259,Movie,Desert Storm 290,Anil Verma,Sophia Martin,Australia,"November 28, 2020",1996,NR,90 min,Thrillers,A movie about survival and the unexpected challenges that change everything.
s00260,Movie,Edge of Tomorrow 120,Anil Verma,Priya Shah,France,"May 23, 2018",2019,PG-13,110 min,Music and Musicals,A movie about mystery and the unexpected challenges that change everything.
s00261,Movie,The Great Escape 27,Raj Mehta,Riya Kapoor,South Korea,"May 10, 2019",2011,TV-14,120 min,Sci-Fi and Fantasy,A movie about friendship and the unexpected challenges that change everything.
s00262,TV Show,The Last Warrior 295,Arjun Patel,Michael Brown,Italy,"May 8, 2019",1990,R,6 Seasons,Comedies,A tv show about justice and the unexpected challenges that change everything.
s00263,Movie,City of Dreams 269,Karan Malhotra,Vikram Singh,Brazil,"August 21, 2019",2010,G,90 min,Documentaries,A movie about friendship and the unexpected challenges that change everything.
s00264,Movie,Broken Hearts 275,Sarah Williams,Daniel Kim,United States,"December 12, 2017",2014,NR,110 min,Anime Series,A movie about love and the unexpected challenges that change everything.
s00265,TV Show,Love in Paris 214,Priya Kapoor,Emma Clark,Australia,"July 28, 2018",2020,NR,8 Seasons,Comedies,A tv show about love and the unexpected challenges that change everything.
s00266,TV Show,Code Zero 183,Priya Kapoor,Rahul Sharma,South Korea,"July 12, 2021",2012,NR,5 Seasons,Stand-Up Comedy,A tv show about survival and the unexpected challenges that change everything.
s00267,Movie,City of Dreams 74,Chris Taylor,Rahul Sharma,South Korea,"January 9, 2019",1999,PG,101 min,Music and Musicals,A movie about adventure and the unexpected challenges that change everything.
s00268,Movie,Ocean of Fire 54,Emma Johnson,Rahul Sharma,Japan,"January 19, 2019",2009,R,101 min,Sci-Fi and Fantasy,A movie about adventure and the unexpected challenges that change everything.
s00269,Movie,Desert Storm 160,Arjun Patel,Arjun Mehta,Germany,"October 21, 2016",2007,PG,150 min,Children and Family Movies,A movie about mystery and the unexpected challenges that change everything.
s00270,Movie,The Last Kingdom 53,Riya Sharma,David Wilson,France,"September 25, 2021",2013,PG,90 min,Sci-Fi and Fantasy,A movie about friendship and the unexpected challenges that change everything.
s00271,TV Show,Hidden Truth 30,John Carter,Riya Kapoor,Germany,"November 11, 2017",2020,PG-13,6 Seasons,Music and Musicals,A tv show about adventure and the unexpected challenges that change everything.
s00272,TV Show,The Final Mission 205,Riya Sharma,Michael Brown,Australia,"April 26, 2021",2016,PG-13,2 Seasons,International Movies,A tv show about adventure and the unexpected challenges that change everything.
s00273,TV Show,Ocean of Fire 264,Aarav Sharma,Various Artists,Canada,"February 3, 2019",2007,R,1 Season,International Movies,A tv show about ambition and the unexpected challenges that change everything.
s00274,TV Show,The Forgotten Path 119,Arjun Patel,Emily Stone,Italy,"November 1, 2017",2020,TV-PG,1 Season,Romantic Movies,A tv show about ambition and the unexpected challenges that change everything.
s00275,Movie,Mystery House 248,Arjun Patel,Sophia Martin,Italy,"April 29, 2017",1991,R,101 min,Crime TV Shows,A movie about mystery and the unexpected challenges that change everything.
s00276,Movie,Mystery House 204,Aarav Sharma,John Smith,Italy,"January 3, 2018",2006,R,150 min,Comedies,A movie about love and the unexpected challenges that change everything.
s00277,TV Show,Love in Paris 241,David Wilson,Ananya Singh,Singapore,"January 4, 2019",2015,G,8 Seasons,Music and Musicals,A tv show about love and the unexpected challenges that change everything.
s00278,Movie,Edge of Tomorrow 154,Robert Davis,Ananya Singh,United States,"February 28, 2020",2007,PG-13,82 min,Crime TV Shows,A movie about mystery and the unexpected challenges that change everything.
s00279,Movie,Rise of the Phoenix 209,Riya Sharma,Various Artists,Germany,"May 30, 2021",2012,TV-PG,150 min,Sports Movies,A movie about mystery and the unexpected challenges that change everything.
s00280,TV Show,The Final Mission 264,Sarah Williams,Arjun Mehta,United Kingdom,"January 16, 2018",1998,NR,6 Seasons,Children and Family Movies,A tv show about love and the unexpected challenges that change everything.
s00281,TV Show,The Silent Witness 157,Anil Verma,Olivia James,Spain,"September 3, 2021",2017,R,2 Seasons,Stand-Up Comedy,A tv show about ambition and the unexpected challenges that change everything.
s00282,Movie,Code Zero 65,Anil Verma,John Smith,France,"September 24, 2016",2000,TV-14,90 min,Thrillers,A movie about justice and the unexpected challenges that change everything.
s00283,Movie,The Forgotten Path 162,Daniel Lee,Raj Kumar,Japan,"May 17, 2015",2001,G,95 min,Sports Movies,A movie about mystery and the unexpected challenges that change everything.
s00284,Movie,The Forgotten Path 100,Robert Davis,Neha Patel,Mexico,"January 15, 2019",2007,TV-MA,101 min,International TV Shows,A movie about adventure and the unexpected challenges that change everything.
s00285,Movie,Midnight in Mumbai 141,Sarah Williams,Chris Taylor,Japan,"March 29, 2017",2008,TV-PG,120 min,Sci-Fi and Fantasy,A movie about family and the unexpected challenges that change everything.
s00286,Movie,Mystery House 198,Robert Davis,Riya Kapoor,Spain,"February 2, 2021",2005,R,95 min,Thrillers,A movie about justice and the unexpected challenges that change everything.
s00287,Movie,Shadow of the Past 179,Chris Taylor,Vikram Singh,South Korea,"June 18, 2020",1994,G,150 min,Music and Musicals,A movie about adventure and the unexpected challenges that change everything.
s00288,Movie,Winter Nights 186,Daniel Lee,Vikram Singh,Singapore,"September 14, 2021",2012,TV-14,150 min,Sports Movies,A movie about survival and the unexpected challenges that change everything.
s00289,Movie,Lost in the Stars 217,Sarah Williams,Ananya Singh,Singapore,"March 15, 2021",2013,R,150 min,Thrillers,A movie about love and the unexpected challenges that change everything.
s00290,Movie,The Forgotten Path 175,Karan Malhotra,Chris Taylor,India,"June 24, 2017",2012,R,135 min,Action and Adventure,A movie about justice and the unexpected challenges that change everything.
s00291,Movie,The Lost Treasure 13,Aarav Sharma,Chris Taylor,United Kingdom,"August 23, 2015",1994,G,135 min,Comedies,A movie about justice and the unexpected challenges that change everything.
s00292,Movie,Future World 24,Robert Davis,Raj Kumar,France,"July 17, 2017",2001,PG-13,75 min,Horror Movies,A movie about family and the unexpected challenges that change everything.
s00293,TV Show,Midnight in Mumbai 273,Neha Singh,Riya Kapoor,Mexico,"June 6, 2016",1993,TV-14,5 Seasons,Comedies,A tv show about family and the unexpected challenges that change everything.
s00294,Movie,Edge of Tomorrow 281,Arjun Patel,Ananya Singh,Japan,"March 6, 2016",2019,G,90 min,Thrillers,A movie about ambition and the unexpected challenges that change everything.
s00295,Movie,Beyond the Horizon 21,James Anderson,Chris Taylor,Singapore,"October 3, 2019",2009,G,120 min,Action and Adventure,A movie about love and the unexpected challenges that change everything.
s00296,Movie,Mystery House 140,Sofia Martin,Emily Stone,United Kingdom,"October 13, 2019",1994,G,150 min,Thrillers,A movie about adventure and the unexpected challenges that change everything.
s00297,TV Show,Dangerous Game 101,Raj Mehta,Raj Kumar,Japan,"July 1, 2017",2011,NR,6 Seasons,Anime Series,A tv show about ambition and the unexpected challenges that change everything.
s00298,Movie,Dangerous Game 28,Daniel Lee,Sarah Lee,Germany,"August 20, 2018",2021,PG,90 min,Children and Family Movies,A movie about adventure and the unexpected challenges that change everything.
s00299,Movie,Edge of Tomorrow 146,Sarah Williams,Ananya Singh,Brazil,"April 26, 2019",2021,G,75 min,Documentaries,A movie about adventure and the unexpected challenges that change everything.
s00300,Movie,Lost in the Stars 227,Sarah Williams,Vikram Singh,United States,"June 20, 2020",2001,NR,75 min,Documentaries,A movie about friendship and the unexpected challenges that change everything.
s00301,Movie,Dark Secrets 13,Chris Taylor,Sarah Lee,Australia,"May 22, 2017",2007,R,75 min,Thrillers,A movie about mystery and the unexpected challenges that change everything.
s00302,Movie,Ocean of Fire 100,Anil Verma,Neha Patel,Spain,"February 1, 2016",2020,PG,95 min,Sci-Fi and Fantasy,A movie about love and the unexpected challenges that change everything.
s00303,Movie,Future World 166,Karan Malhotra,Sarah Lee,France,"October 10, 2016",2000,PG-13,101 min,Comedies,A movie about love and the unexpected challenges that change everything.
s00304,Movie,Mystery House 100,Neha Singh,Rahul Sharma,Germany,"August 9, 2017",2002,TV-MA,110 min,Stand-Up Comedy,A movie about survival and the unexpected challenges that change everything.
s00305,TV Show,Desert Storm 173,Neha Singh,Emma Clark,United Kingdom,"February 22, 2020",2002,PG-13,4 Seasons,Romantic Movies,A tv show about justice and the unexpected challenges that change everything.
s00306,TV Show,Ocean of Fire 216,Daniel Lee,Olivia James,Singapore,"June 11, 2015",1997,TV-PG,8 Seasons,Sports Movies,A tv show about friendship and the unexpected challenges that change everything.
s00307,Movie,Into the Wild 274,Neha Singh,Emma Clark,Australia,"January 2, 2020",1992,TV-PG,120 min,Documentaries,A movie about mystery and the unexpected challenges that change everything.
s00308,Movie,The Final Mission 149,Anil Verma,John Smith,Germany,"November 17, 2017",2017,PG,82 min,Horror Movies,A movie about friendship and the unexpected challenges that change everything.
s00309,TV Show,A New Beginning 65,James Anderson,Vikram Singh,Spain,"December 10, 2021",1993,TV-MA,8 Seasons,Action and Adventure,A tv show about adventure and the unexpected challenges that change everything.
s00310,Movie,The Lost Treasure 227,Riya Sharma,Daniel Kim,Germany,"August 23, 2015",2002,R,110 min,Sci-Fi and Fantasy,A movie about friendship and the unexpected challenges that change everything.
s00311,Movie,The Final Mission 118,Priya Kapoor,Emily Stone,Mexico,"September 27, 2020",2011,NR,95 min,Horror Movies,A movie about ambition and the unexpected challenges that change everything.
s00312,Movie,Edge of Tomorrow 53,Daniel Lee,Rahul Sharma,South Korea,"August 1, 2019",2001,PG-13,120 min,Sports Movies,A movie about survival and the unexpected challenges that change everything.
s00313,Movie,Hidden Truth 74,Emma Johnson,Riya Kapoor,Australia,"October 1, 2020",2003,NR,135 min,International Movies,A movie about justice and the unexpected challenges that change everything.
s00314,TV Show,Winter Nights 258,Anil Verma,Daniel Kim,South Korea,"December 21, 2019",2011,PG,4 Seasons,Comedies,A tv show about adventure and the unexpected challenges that change everything.
s00315,TV Show,The Golden Road 138,Michael Brown,Raj Kumar,Japan,"February 2, 2016",1992,G,3 Seasons,Thrillers,A tv show about adventure and the unexpected challenges that change everything.
s00316,Movie,The Forgotten Path 111,Daniel Lee,David Wilson,Spain,"January 22, 2016",1995,R,135 min,Crime TV Shows,A movie about mystery and the unexpected challenges that change everything.
s00317,Movie,Winter Nights 268,Arjun Patel,Sophia Martin,Germany,"August 26, 2020",2011,TV-PG,110 min,Romantic Movies,A movie about love and the unexpected challenges that change everything.
s00318,Movie,The Golden Road 24,Riya Sharma,Sophia Martin,United Kingdom,"June 2, 2017",2018,TV-MA,150 min,Comedies,A movie about family and the unexpected challenges that change everything.
s00319,Movie,Dangerous Game 228,Aarav Sharma,Raj Kumar,France,"June 20, 2015",2015,TV-PG,95 min,Action and Adventure,A movie about love and the unexpected challenges that change everything.
s00320,Movie,The Silent Witness 119,Priya Kapoor,Various Artists,Germany,"March 27, 2021",2017,PG,75 min,Music and Musicals,A movie about justice and the unexpected challenges that change everything.
s00321,Movie,The Silent Witness 104,Raj Mehta,Rahul Sharma,Australia,"November 17, 2021",2017,G,75 min,Dramas,A movie about mystery and the unexpected challenges that change everything.
s00322,Movie,Into the Wild 283,Robert Davis,Raj Kumar,Australia,"June 18, 2020",2011,G,90 min,International Movies,A movie about family and the unexpected challenges that change everything.
s00323,Movie,Code Zero 187,Michael Brown,Sarah Lee,Canada,"September 2, 2019",2004,PG-13,110 min,Children and Family Movies,A movie about ambition and the unexpected challenges that change everything.
s00324,Movie,Lost in the Stars 134,Sofia Martin,David Wilson,Germany,"August 25, 2019",1996,R,95 min,Sci-Fi and Fantasy,A movie about family and the unexpected challenges that change everything.
s00325,TV Show,Mystery House 153,Aarav Sharma,John Smith,France,"October 26, 2019",1990,G,4 Seasons,Music and Musicals,A tv show about friendship and the unexpected challenges that change everything.
s00326,TV Show,Mystery House 7,Raj Mehta,Priya Shah,India,"October 3, 2020",2009,NR,8 Seasons,Anime Series,A tv show about survival and the unexpected challenges that change everything.
s00327,Movie,Broken Hearts 16,Sarah Williams,Various Artists,United States,"August 21, 2020",2005,R,95 min,Music and Musicals,A movie about mystery and the unexpected challenges that change everything.
s00328,Movie,Midnight in Mumbai 135,John Carter,Michael Brown,Australia,"August 17, 2021",1993,TV-MA,90 min,Crime TV Shows,A movie about friendship and the unexpected challenges that change everything.
s00329,Movie,The Final Mission 160,Michael Brown,David Wilson,India,"November 3, 2015",2000,PG-13,90 min,Documentaries,A movie about ambition and the unexpected challenges that change everything.
s00330,Movie,Future World 217,Riya Sharma,Arjun Mehta,France,"August 13, 2015",2013,TV-PG,82 min,International TV Shows,A movie about friendship and the unexpected challenges that change everything.
s00331,Movie,The Last Kingdom 45,Neha Singh,Sarah Lee,Singapore,"January 19, 2019",2011,TV-14,110 min,Stand-Up Comedy,A movie about survival and the unexpected challenges that change everything.
s00332,TV Show,The Silent Witness 132,Emma Johnson,Chris Taylor,Germany,"December 18, 2017",1997,R,3 Seasons,Stand-Up Comedy,A tv show about ambition and the unexpected challenges that change everything.
s00333,Movie,City of Dreams 157,James Anderson,John Smith,Brazil,"July 14, 2015",1991,PG-13,95 min,Action and Adventure,A movie about family and the unexpected challenges that change everything.
s00334,Movie,A New Beginning 205,Michael Brown,David Wilson,Mexico,"June 3, 2018",2004,TV-PG,120 min,Crime TV Shows,A movie about survival and the unexpected challenges that change everything.
s00335,Movie,The Last Kingdom 218,John Carter,Raj Kumar,Japan,"February 21, 2018",1993,NR,110 min,Children and Family Movies,A movie about family and the unexpected challenges that change everything.
s00336,Movie,Shadow of the Past 104,John Carter,Priya Shah,France,"June 14, 2019",1998,NR,150 min,Anime Series,A movie about family and the unexpected challenges that change everything.
s00337,TV Show,The Silent Witness 133,John Carter,Riya Kapoor,Australia,"September 22, 2016",2013,TV-14,5 Seasons,Crime TV Shows,A tv show about ambition and the unexpected challenges that change everything.
s00338,Movie,The Silent Witness 143,Robert Davis,Emma Clark,France,"September 6, 2017",2021,TV-14,150 min,Documentaries,A movie about love and the unexpected challenges that change everything.
s00339,Movie,Future World 233,James Anderson,Priya Shah,United Kingdom,"October 5, 2015",2006,PG-13,101 min,Children and Family Movies,A movie about justice and the unexpected challenges that change everything.
s00340,Movie,Shadow of the Past 90,John Carter,Priya Shah,France,"May 14, 2019",2001,PG-13,120 min,Sci-Fi and Fantasy,A movie about justice and the unexpected challenges that change everything.
s00341,Movie,The Lost Treasure 26,John Carter,Riya Kapoor,Japan,"August 6, 2021",2014,R,135 min,Horror Movies,A movie about justice and the unexpected challenges that change everything.
s00342,Movie,The Last Kingdom 267,Michael Brown,Olivia James,United States,"November 18, 2018",2002,G,110 min,Stand-Up Comedy,A movie about survival and the unexpected challenges that change everything.
s00343,Movie,Rise of the Phoenix 68,Anil Verma,Emma Clark,Singapore,"November 8, 2021",2004,TV-PG,101 min,Crime TV Shows,A movie about adventure and the unexpected challenges that change everything.
s00344,Movie,The Great Escape 49,Anil Verma,Priya Shah,France,"June 17, 2020",2004,PG,101 min,Music and Musicals,A movie about adventure and the unexpected challenges that change everything.
s00345,Movie,The Forgotten Path 188,James Anderson,Michael Brown,Singapore,"August 4, 2015",2014,G,110 min,International Movies,A movie about adventure and the unexpected challenges that change everything.
s00346,Movie,Broken Hearts 174,Riya Sharma,Priya Shah,Italy,"June 8, 2015",2007,TV-MA,135 min,Horror Movies,A movie about justice and the unexpected challenges that change everything.
s00347,Movie,The Lost Treasure 5,Robert Davis,John Smith,Singapore,"November 12, 2019",2009,G,135 min,Thrillers,A movie about mystery and the unexpected challenges that change everything.
s00348,Movie,Ocean of Fire 248,Emma Johnson,Amit Verma,Mexico,"January 18, 2020",2011,G,120 min,Action and Adventure,A movie about justice and the unexpected challenges that change everything.
s00349,Movie,The Last Warrior 226,Arjun Patel,Neha Patel,France,"August 24, 2019",2004,G,150 min,Comedies,A movie about survival and the unexpected challenges that change everything.
s00350,Movie,Desert Storm 277,Riya Sharma,Vikram Singh,Italy,"February 19, 2018",2003,TV-14,82 min,Documentaries,A movie about survival and the unexpected challenges that change everything.
s00351,Movie,City of Dreams 294,Aarav Sharma,Neha Patel,Italy,"November 5, 2021",2019,G,110 min,Anime Series,A movie about family and the unexpected challenges that change everything.
s00352,TV Show,The Silent Witness 210,Sarah Williams,Michael Brown,Canada,"October 29, 2021",2003,R,4 Seasons,International TV Shows,A tv show about ambition and the unexpected challenges that change everything.
s00353,Movie,Rise of the Phoenix 223,Karan Malhotra,Amit Verma,South Korea,"June 7, 2021",2019,TV-MA,135 min,International Movies,A movie about mystery and the unexpected challenges that change everything.
s00354,Movie,Love in Paris 6,John Carter,Emily Stone,Singapore,"August 12, 2020",2018,TV-PG,110 min,Sci-Fi and Fantasy,A movie about survival and the unexpected challenges that change everything.
s00355,Movie,Rise of the Phoenix 235,Priya Kapoor,Various Artists,Germany,"May 7, 2016",2001,PG,135 min,International Movies,A movie about justice and the unexpected challenges that change everything.
s00356,Movie,The Golden Road 50,Chris Taylor,Arjun Mehta,India,"July 6, 2021",2000,PG-13,75 min,International Movies,A movie about friendship and the unexpected challenges that change everything.
s00357,Movie,Dream Catcher 156,Anil Verma,Emily Stone,Italy,"May 12, 2017",2001,TV-PG,95 min,Romantic Movies,A movie about love and the unexpected challenges that change everything.
s00358,Movie,The Forgotten Path 169,Riya Sharma,Emma Clark,Germany,"May 25, 2019",2005,R,120 min,Romantic Movies,A movie about love and the unexpected challenges that change everything.
s00359,TV Show,Mystery House 252,Neha Singh,David Wilson,United States,"August 2, 2016",2005,R,4 Seasons,Anime Series,A tv show about ambition and the unexpected challenges that change everything.
s00360,Movie,The Silent Witness 187,Priya Kapoor,Daniel Kim,Japan,"January 30, 2020",2015,TV-14,82 min,Romantic Movies,A movie about survival and the unexpected challenges that change everything.
s00361,Movie,The Forgotten Path 139,Priya Kapoor,Chris Taylor,India,"October 29, 2021",1994,PG-13,135 min,Crime TV Shows,A movie about ambition and the unexpected challenges that change everything.
s00362,Movie,The Last Warrior 274,James Anderson,Neha Patel,India,"June 13, 2019",2008,PG,110 min,Sports Movies,A movie about love and the unexpected challenges that change everything.
s00363,Movie,Dangerous Game 154,Robert Davis,Vikram Singh,Spain,"June 29, 2020",1995,TV-14,90 min,Crime TV Shows,A movie about family and the unexpected challenges that change everything.
s00364,Movie,Ocean of Fire 108,Robert Davis,Emily Stone,United Kingdom,"July 7, 2018",2008,PG,90 min,Stand-Up Comedy,A movie about ambition and the unexpected challenges that change everything.
s00365,TV Show,The Last Warrior 59,Michael Brown,Neha Patel,France,"March 7, 2017",2018,G,2 Seasons,Music and Musicals,A tv show about love and the unexpected challenges that change everything.
s00366,Movie,Into the Wild 107,David Wilson,Sophia Martin,Japan,"July 20, 2018",2000,TV-PG,90 min,Crime TV Shows,A movie about justice and the unexpected challenges that change everything.
s00367,TV Show,The Last Warrior 247,Aarav Sharma,Riya Kapoor,United States,"September 2, 2015",1997,NR,2 Seasons,Horror Movies,A tv show about ambition and the unexpected challenges that change everything.
s00368,TV Show,Into the Wild 8,Karan Malhotra,Sophia Martin,France,"August 6, 2021",2019,NR,4 Seasons,Sports Movies,A tv show about justice and the unexpected challenges that change everything.
s00369,Movie,City of Dreams 94,John Carter,Neha Patel,United States,"July 12, 2020",1990,R,101 min,Comedies,A movie about mystery and the unexpected challenges that change everything.
s00370,Movie,Ocean of Fire 81,Riya Sharma,Olivia James,United Kingdom,"November 28, 2017",2016,NR,135 min,International Movies,A movie about family and the unexpected challenges that change everything.
s00371,Movie,A New Beginning 93,Riya Sharma,Riya Kapoor,Australia,"February 21, 2020",2011,TV-MA,135 min,Horror Movies,A movie about ambition and the unexpected challenges that change everything.
s00372,Movie,The Last Kingdom 74,Daniel Lee,Olivia James,Singapore,"May 17, 2015",1993,TV-MA,135 min,Children and Family Movies,A movie about survival and the unexpected challenges that change everything.
s00373,Movie,Dream Catcher 156,John Carter,Chris Taylor,Singapore,"June 25, 2019",1999,TV-14,95 min,Horror Movies,A movie about survival and the unexpected challenges that change everything.
s00374,Movie,Dream Catcher 216,Neha Singh,Priya Shah,Spain,"January 27, 2021",1999,TV-PG,95 min,Horror Movies,A movie about friendship and the unexpected challenges that change everything.
s00375,Movie,Broken Hearts 55,Sofia Martin,Rahul Sharma,Japan,"November 23, 2019",1997,TV-PG,110 min,Sci-Fi and Fantasy,A movie about mystery and the unexpected challenges that change everything.
s00376,Movie,Broken Hearts 91,Emma Johnson,Various Artists,Italy,"August 1, 2017",2011,TV-14,90 min,Anime Series,A movie about friendship and the unexpected challenges that change everything.
s00377,TV Show,A New Beginning 141,Michael Brown,Amit Verma,Canada,"December 15, 2015",2002,TV-PG,6 Seasons,Crime TV Shows,A tv show about adventure and the unexpected challenges that change everything.
s00378,Movie,Winter Nights 228,James Anderson,Sophia Martin,United Kingdom,"January 10, 2015",1998,PG-13,120 min,Stand-Up Comedy,A movie about justice and the unexpected challenges that change everything.
s00379,TV Show,Lost in the Stars 248,John Carter,David Wilson,Australia,"January 1, 2019",2012,PG-13,6 Seasons,International TV Shows,A tv show about justice and the unexpected challenges that change everything.
s00380,Movie,The Great Escape 34,Anil Verma,Neha Patel,United States,"October 28, 2016",2008,TV-14,135 min,International TV Shows,A movie about family and the unexpected challenges that change everything.
s00381,Movie,The Lost Treasure 160,Riya Sharma,David Wilson,Canada,"December 16, 2020",2014,G,95 min,Music and Musicals,A movie about mystery and the unexpected challenges that change everything.
s00382,Movie,The Forgotten Path 241,Robert Davis,Arjun Mehta,Australia,"November 23, 2015",1992,TV-PG,135 min,Crime TV Shows,A movie about friendship and the unexpected challenges that change everything.
s00383,Movie,Midnight in Mumbai 117,Sarah Williams,Chris Taylor,United States,"September 6, 2017",2019,TV-14,90 min,Sports Movies,A movie about justice and the unexpected challenges that change everything.
s00384,TV Show,The Silent Witness 173,Neha Singh,Daniel Kim,Mexico,"October 1, 2015",2009,TV-PG,6 Seasons,Sci-Fi and Fantasy,A tv show about love and the unexpected challenges that change everything.
s00385,TV Show,Dream Catcher 181,Emma Johnson,John Smith,Italy,"May 10, 2017",2016,PG,3 Seasons,Action and Adventure,A tv show about survival and the unexpected challenges that change everything.
s00386,TV Show,Future World 114,David Wilson,Ananya Singh,France,"January 10, 2018",1990,PG-13,6 Seasons,Documentaries,A tv show about ambition and the unexpected challenges that change everything.
s00387,Movie,Mystery House 116,John Carter,Emily Stone,United States,"June 3, 2015",2012,R,135 min,Action and Adventure,A movie about love and the unexpected challenges that change everything.
s00388,Movie,Broken Hearts 203,Daniel Lee,Various Artists,Italy,"July 13, 2018",1998,NR,75 min,Dramas,A movie about survival and the unexpected challenges that change everything.
s00389,TV Show,Dangerous Game 193,Sarah Williams,Emma Clark,Mexico,"April 15, 2015",2006,TV-PG,4 Seasons,Action and Adventure,A tv show about adventure and the unexpected challenges that change everything.
s00390,TV Show,Dark Secrets 237,John Carter,Emily Stone,India,"July 29, 2021",1998,PG,3 Seasons,Sci-Fi and Fantasy,A tv show about love and the unexpected challenges that change everything.
s00391,TV Show,Dark Secrets 197,Michael Brown,Amit Verma,India,"May 23, 2019",2021,TV-MA,5 Seasons,Romantic Movies,A tv show about justice and the unexpected challenges that change everything.
s00392,Movie,Beyond the Horizon 149,Priya Kapoor,Amit Verma,France,"October 12, 2016",1992,NR,95 min,Action and Adventure,A movie about family and the unexpected challenges that change everything.
s00393,Movie,Shadow of the Past 109,Sarah Williams,Neha Patel,Mexico,"May 18, 2021",2017,G,110 min,Anime Series,A movie about survival and the unexpected challenges that change everything.
s00394,TV Show,The Lost Treasure 154,Michael Brown,Sarah Lee,Japan,"February 24, 2021",1997,TV-14,2 Seasons,Sci-Fi and Fantasy,A tv show about friendship and the unexpected challenges that change everything.
s00395,Movie,Dream Catcher 132,Robert Davis,Daniel Kim,Australia,"February 9, 2016",2012,R,120 min,Sci-Fi and Fantasy,A movie about friendship and the unexpected challenges that change everything.
s00396,TV Show,The Lost Treasure 84,Daniel Lee,Sophia Martin,France,"May 23, 2017",2004,TV-14,2 Seasons,Music and Musicals,A tv show about family and the unexpected challenges that change everything.
s00397,TV Show,Code Zero 41,Raj Mehta,Riya Kapoor,South Korea,"August 9, 2015",2005,TV-PG,4 Seasons,Anime Series,A tv show about survival and the unexpected challenges that change everything.
s00398,Movie,Into the Wild 103,David Wilson,Sophia Martin,Brazil,"April 22, 2015",2003,TV-14,75 min,Action and Adventure,A movie about friendship and the unexpected challenges that change everything.
s00399,TV Show,A New Beginning 271,Priya Kapoor,Ananya Singh,United States,"April 19, 2016",1992,G,5 Seasons,Sci-Fi and Fantasy,A tv show about ambition and the unexpected challenges that change everything.
s00400,TV Show,Love in Paris 195,James Anderson,John Smith,Italy,"October 4, 2021",2004,TV-PG,3 Seasons,Action and Adventure,A tv show about mystery and the unexpected challenges that change everything.
s00401,Movie,Lost in the Stars 189,Karan Malhotra,Daniel Kim,Brazil,"February 9, 2015",1993,TV-PG,150 min,Crime TV Shows,A movie about ambition and the unexpected challenges that change everything.
s00402,TV Show,Broken Hearts 24,John Carter,Olivia James,Mexico,"September 20, 2017",2013,G,6 Seasons,Documentaries,A tv show about friendship and the unexpected challenges that change everything.
s00403,Movie,Ocean of Fire 181,John Carter,Emma Clark,India,"October 17, 2015",2013,NR,75 min,Sci-Fi and Fantasy,A movie about love and the unexpected challenges that change everything.
s00404,TV Show,The Last Kingdom 69,Raj Mehta,Amit Verma,Mexico,"October 6, 2015",2020,TV-MA,2 Seasons,Music and Musicals,A tv show about survival and the unexpected challenges that change everything.
s00405,Movie,Code Zero 181,Karan Malhotra,Michael Brown,United Kingdom,"September 11, 2015",2019,PG,90 min,Children and Family Movies,A movie about family and the unexpected challenges that change everything.
s00406,TV Show,Winter Nights 249,Raj Mehta,Arjun Mehta,Brazil,"November 11, 2016",2017,G,3 Seasons,Action and Adventure,A tv show about mystery and the unexpected challenges that change everything.
s00407,Movie,Desert Storm 138,John Carter,Sophia Martin,Germany,"September 11, 2018",1997,PG,75 min,Music and Musicals,A movie about love and the unexpected challenges that change everything.
s00408,Movie,Beyond the Horizon 103,David Wilson,Michael Brown,Brazil,"September 4, 2021",1995,TV-14,82 min,Documentaries,A movie about friendship and the unexpected challenges that change everything.
s00409,TV Show,Midnight in Mumbai 3,Raj Mehta,Sarah Lee,United States,"July 31, 2015",2021,NR,3 Seasons,Stand-Up Comedy,A tv show about love and the unexpected challenges that change everything.
s00410,Movie,City of Dreams 38,Aarav Sharma,Rahul Sharma,Brazil,"September 11, 2019",2008,G,95 min,Crime TV Shows,A movie about adventure and the unexpected challenges that change everything.
s00411,Movie,Love in Paris 239,Anil Verma,Michael Brown,Singapore,"March 15, 2019",1998,TV-14,110 min,International Movies,A movie about friendship and the unexpected challenges that change everything.
s00412,TV Show,City of Dreams 30,Daniel Lee,Various Artists,United States,"June 11, 2020",2019,G,1 Season,Sports Movies,A tv show about mystery and the unexpected challenges that change everything.
s00413,TV Show,Winter Nights 25,Robert Davis,Arjun Mehta,India,"May 18, 2017",2005,NR,1 Season,International TV Shows,A tv show about adventure and the unexpected challenges that change everything.
s00414,Movie,Hidden Truth 206,Robert Davis,Vikram Singh,Canada,"December 5, 2018",2014,NR,110 min,Music and Musicals,A movie about adventure and the unexpected challenges that change everything.
s00415,Movie,The Golden Road 47,Riya Sharma,Sarah Lee,United Kingdom,"May 10, 2016",2011,TV-MA,120 min,Dramas,A movie about adventure and the unexpected challenges that change everything.
s00416,Movie,Into the Wild 22,Sofia Martin,Raj Kumar,South Korea,"December 26, 2021",2010,TV-MA,120 min,Sci-Fi and Fantasy,A movie about family and the unexpected challenges that change everything.
s00417,Movie,The Final Mission 149,Karan Malhotra,Sarah Lee,France,"November 6, 2015",1997,NR,75 min,Thrillers,A movie about mystery and the unexpected challenges that change everything.
s00418,Movie,Lost in the Stars 59,Aarav Sharma,Sarah Lee,Singapore,"September 29, 2015",2012,G,110 min,Sports Movies,A movie about family and the unexpected challenges that change everything.
s00419,Movie,Broken Hearts 202,Sarah Williams,Various Artists,United Kingdom,"December 28, 2019",2021,G,82 min,Comedies,A movie about ambition and the unexpected challenges that change everything.
s00420,TV Show,Future World 162,Michael Brown,Sarah Lee,Japan,"March 18, 2016",2020,PG-13,8 Seasons,Crime TV Shows,A tv show about ambition and the unexpected challenges that change everything.
s00421,TV Show,Desert Storm 9,Anil Verma,Arjun Mehta,Germany,"September 11, 2015",2006,PG-13,2 Seasons,Action and Adventure,A tv show about adventure and the unexpected challenges that change everything.
s00422,TV Show,Shadow of the Past 214,Sarah Williams,Amit Verma,India,"January 10, 2015",2014,TV-PG,4 Seasons,Sports Movies,A tv show about survival and the unexpected challenges that change everything.
s00423,Movie,Love in Paris 111,Sarah Williams,Rahul Sharma,South Korea,"May 3, 2019",2014,R,135 min,Sci-Fi and Fantasy,A movie about justice and the unexpected challenges that change everything.
s00424,Movie,A New Beginning 102,Sarah Williams,John Smith,United Kingdom,"July 17, 2019",2006,PG-13,75 min,Horror Movies,A movie about survival and the unexpected challenges that change everything.
s00425,Movie,Shadow of the Past 191,John Carter,Sarah Lee,South Korea,"January 31, 2020",2014,G,150 min,Comedies,A movie about mystery and the unexpected challenges that change everything.
s00426,Movie,A New Beginning 88,David Wilson,Raj Kumar,France,"January 9, 2018",1991,NR,150 min,Documentaries,A movie about family and the unexpected challenges that change everything.
s00427,Movie,Rise of the Phoenix 271,Sarah Williams,Amit Verma,India,"April 14, 2015",2021,TV-MA,75 min,Documentaries,A movie about love and the unexpected challenges that change everything.
s00428,TV Show,The Final Mission 198,James Anderson,Riya Kapoor,Italy,"March 29, 2020",1990,TV-14,5 Seasons,Children and Family Movies,A tv show about family and the unexpected challenges that change everything.
s00429,Movie,The Silent Witness 167,John Carter,Daniel Kim,Italy,"October 3, 2017",2018,NR,90 min,Action and Adventure,A movie about survival and the unexpected challenges that change everything.
s00430,Movie,The Last Kingdom 81,Aarav Sharma,Chris Taylor,United States,"July 20, 2019",1991,TV-PG,120 min,Stand-Up Comedy,A movie about justice and the unexpected challenges that change everything.
s00431,Movie,The Silent Witness 169,James Anderson,Emma Clark,United Kingdom,"February 1, 2017",2018,PG,95 min,Romantic Movies,A movie about mystery and the unexpected challenges that change everything.
s00432,TV Show,A New Beginning 141,Chris Taylor,Amit Verma,United States,"October 21, 2020",1995,R,6 Seasons,Sci-Fi and Fantasy,A tv show about justice and the unexpected challenges that change everything.
s00433,Movie,Love in Paris 245,Riya Sharma,Sophia Martin,United States,"September 19, 2015",1992,TV-14,101 min,Stand-Up Comedy,A movie about love and the unexpected challenges that change everything.
s00434,Movie,Love in Paris 76,Priya Kapoor,Various Artists,Canada,"July 14, 2016",2005,TV-MA,120 min,International TV Shows,A movie about justice and the unexpected challenges that change everything.
s00435,Movie,Into the Wild 109,Arjun Patel,Riya Kapoor,Spain,"June 24, 2015",2012,PG,120 min,Children and Family Movies,A movie about love and the unexpected challenges that change everything.
s00436,Movie,The Silent Witness 65,Anil Verma,Vikram Singh,Canada,"July 11, 2015",2006,TV-MA,101 min,Comedies,A movie about justice and the unexpected challenges that change everything.
s00437,Movie,Code Zero 271,Sofia Martin,Neha Patel,Canada,"February 6, 2019",1993,TV-PG,82 min,Documentaries,A movie about adventure and the unexpected challenges that change everything.
s00438,TV Show,A New Beginning 128,Riya Sharma,Ananya Singh,Brazil,"April 17, 2019",1993,R,5 Seasons,Stand-Up Comedy,A tv show about survival and the unexpected challenges that change everything.
s00439,Movie,Edge of Tomorrow 43,David Wilson,Priya Shah,Canada,"April 21, 2020",2009,PG,110 min,Dramas,A movie about survival and the unexpected challenges that change everything.
s00440,Movie,Broken Hearts 78,Michael Brown,Neha Patel,Canada,"December 10, 2021",2015,NR,150 min,Sci-Fi and Fantasy,A movie about love and the unexpected challenges that change everything.
s00441,Movie,The Great Escape 270,Aarav Sharma,John Smith,United States,"December 30, 2019",1991,R,95 min,Dramas,A movie about justice and the unexpected challenges that change everything.
s00442,TV Show,The Silent Witness 247,Anil Verma,Vikram Singh,Canada,"December 1, 2016",1993,TV-PG,3 Seasons,Romantic Movies,A tv show about survival and the unexpected challenges that change everything.
s00443,Movie,Midnight in Mumbai 168,Raj Mehta,Amit Verma,Spain,"June 20, 2017",2008,TV-PG,82 min,International TV Shows,A movie about family and the unexpected challenges that change everything.
s00444,Movie,Beyond the Horizon 283,James Anderson,Neha Patel,India,"February 18, 2021",2005,PG,101 min,Crime TV Shows,A movie about love and the unexpected challenges that change everything.
s00445,TV Show,City of Dreams 13,Neha Singh,Sophia Martin,Italy,"January 25, 2016",2005,PG,2 Seasons,International TV Shows,A tv show about adventure and the unexpected challenges that change everything.
s00446,TV Show,Future World 147,David Wilson,David Wilson,Japan,"January 30, 2020",2001,PG-13,2 Seasons,Romantic Movies,A tv show about friendship and the unexpected challenges that change everything.
s00447,TV Show,Desert Storm 43,James Anderson,Neha Patel,United States,"June 9, 2017",1999,TV-PG,5 Seasons,Crime TV Shows,A tv show about adventure and the unexpected challenges that change everything.
s00448,TV Show,Mystery House 151,Sarah Williams,Sophia Martin,United Kingdom,"March 27, 2016",1991,PG,6 Seasons,Action and Adventure,A tv show about adventure and the unexpected challenges that change everything.
s00449,Movie,Beyond the Horizon 7,Anil Verma,Priya Shah,Italy,"June 1, 2017",2003,TV-14,110 min,Sports Movies,A movie about friendship and the unexpected challenges that change everything.
s00450,Movie,A New Beginning 114,Priya Kapoor,Sarah Lee,Mexico,"January 10, 2016",2005,TV-14,110 min,Children and Family Movies,A movie about family and the unexpected challenges that change everything.
s00451,TV Show,The Golden Road 179,Raj Mehta,Ananya Singh,France,"August 17, 2016",2007,NR,6 Seasons,Anime Series,A tv show about love and the unexpected challenges that change everything.
s00452,Movie,The Secret Island 124,Neha Singh,Sophia Martin,France,"May 14, 2016",1990,PG,150 min,Stand-Up Comedy,A movie about family and the unexpected challenges that change everything.
s00453,Movie,Dangerous Game 12,Arjun Patel,Neha Patel,Italy,"April 23, 2015",2019,R,90 min,Sports Movies,A movie about family and the unexpected challenges that change everything.
s00454,TV Show,The Lost Treasure 283,Aarav Sharma,Olivia James,United States,"July 6, 2021",2001,PG,3 Seasons,International Movies,A tv show about family and the unexpected challenges that change everything.
s00455,Movie,The Forgotten Path 97,David Wilson,David Wilson,United Kingdom,"November 25, 2018",1994,TV-14,150 min,Action and Adventure,A movie about survival and the unexpected challenges that change everything.
s00456,Movie,The Last Warrior 69,Arjun Patel,Raj Kumar,France,"May 1, 2020",2011,TV-PG,120 min,Romantic Movies,A movie about friendship and the unexpected challenges that change everything.
s00457,Movie,The Last Kingdom 59,Anil Verma,Daniel Kim,Canada,"June 6, 2017",1990,G,150 min,Children and Family Movies,A movie about mystery and the unexpected challenges that change everything.
s00458,Movie,Hidden Truth 50,Daniel Lee,Emily Stone,United States,"September 3, 2018",2005,G,150 min,Music and Musicals,A movie about love and the unexpected challenges that change everything.
s00459,Movie,Midnight in Mumbai 214,Sofia Martin,Raj Kumar,France,"January 19, 2015",1994,TV-14,101 min,Music and Musicals,A movie about adventure and the unexpected challenges that change everything.
s00460,Movie,The Last Kingdom 47,Raj Mehta,Daniel Kim,United Kingdom,"January 13, 2019",1996,PG-13,82 min,Music and Musicals,A movie about family and the unexpected challenges that change everything.
s00461,Movie,Hidden Truth 289,James Anderson,Sophia Martin,Germany,"March 27, 2016",2002,PG-13,82 min,Stand-Up Comedy,A movie about love and the unexpected challenges that change everything.
s00462,Movie,Beyond the Horizon 182,James Anderson,Riya Kapoor,United Kingdom,"January 12, 2018",1996,NR,75 min,Children and Family Movies,A movie about justice and the unexpected challenges that change everything.
s00463,TV Show,Rise of the Phoenix 14,Emma Johnson,Sarah Lee,Singapore,"August 3, 2015",2012,PG-13,5 Seasons,Comedies,A tv show about love and the unexpected challenges that change everything.
s00464,Movie,Winter Nights 248,Sarah Williams,John Smith,Italy,"May 8, 2015",2009,PG,150 min,Anime Series,A movie about adventure and the unexpected challenges that change everything.
s00465,TV Show,Into the Wild 202,Aarav Sharma,David Wilson,Singapore,"December 21, 2019",1998,G,5 Seasons,Music and Musicals,A tv show about adventure and the unexpected challenges that change everything.
s00466,Movie,The Great Escape 218,Robert Davis,John Smith,France,"July 22, 2016",2019,TV-MA,150 min,Thrillers,A movie about family and the unexpected challenges that change everything.
s00467,Movie,Winter Nights 202,Chris Taylor,Priya Shah,United Kingdom,"August 20, 2019",2006,R,95 min,Thrillers,A movie about friendship and the unexpected challenges that change everything.
s00468,TV Show,Love in Paris 6,John Carter,Emma Clark,Canada,"June 27, 2021",2015,TV-PG,8 Seasons,Children and Family Movies,A tv show about survival and the unexpected challenges that change everything.
s00469,Movie,Edge of Tomorrow 169,John Carter,John Smith,France,"September 10, 2018",1994,G,150 min,Crime TV Shows,A movie about mystery and the unexpected challenges that change everything.
s00470,TV Show,Code Zero 219,Chris Taylor,Raj Kumar,Brazil,"January 31, 2019",2006,G,1 Season,Anime Series,A tv show about love and the unexpected challenges that change everything.
s00471,Movie,Shadow of the Past 266,Sarah Williams,Emily Stone,Spain,"August 31, 2021",1991,TV-14,101 min,International TV Shows,A movie about ambition and the unexpected challenges that change everything.
s00472,TV Show,A New Beginning 208,James Anderson,Sophia Martin,Spain,"January 1, 2020",1991,NR,1 Season,Romantic Movies,A tv show about mystery and the unexpected challenges that change everything.
s00473,Movie,Dark Secrets 280,Michael Brown,Vikram Singh,Spain,"July 18, 2019",1999,G,75 min,Stand-Up Comedy,A movie about survival and the unexpected challenges that change everything.
s00474,TV Show,Desert Storm 22,Daniel Lee,Ananya Singh,Mexico,"January 22, 2021",2015,NR,3 Seasons,International TV Shows,A tv show about friendship and the unexpected challenges that change everything.
s00475,Movie,The Forgotten Path 295,Robert Davis,Olivia James,Japan,"May 16, 2020",2016,NR,82 min,Documentaries,A movie about love and the unexpected challenges that change everything.
s00476,TV Show,Hidden Truth 230,Chris Taylor,Arjun Mehta,Japan,"October 30, 2016",2009,G,5 Seasons,Action and Adventure,A tv show about adventure and the unexpected challenges that change everything.
s00477,Movie,Rise of the Phoenix 148,Priya Kapoor,Emma Clark,Mexico,"August 7, 2017",2001,NR,150 min,International TV Shows,A movie about friendship and the unexpected challenges that change everything.
s00478,Movie,Code Zero 84,David Wilson,John Smith,Japan,"February 7, 2016",1992,G,90 min,Dramas,A movie about love and the unexpected challenges that change everything.
s00479,TV Show,The Final Mission 290,Priya Kapoor,Ananya Singh,Canada,"August 11, 2021",2011,TV-MA,4 Seasons,Comedies,A tv show about survival and the unexpected challenges that change everything.
s00480,Movie,Desert Storm 207,Priya Kapoor,Michael Brown,South Korea,"March 3, 2018",2016,NR,150 min,Stand-Up Comedy,A movie about family and the unexpected challenges that change everything.
s00481,Movie,Future World 48,Raj Mehta,Sarah Lee,South Korea,"March 14, 2015",1995,NR,135 min,Romantic Movies,A movie about justice and the unexpected challenges that change everything.
s00482,Movie,Broken Hearts 100,Riya Sharma,Riya Kapoor,South Korea,"January 14, 2017",2016,TV-PG,101 min,Action and Adventure,A movie about mystery and the unexpected challenges that change everything.
s00483,Movie,The Silent Witness 258,James Anderson,Ananya Singh,United Kingdom,"December 30, 2021",2018,R,95 min,Documentaries,A movie about adventure and the unexpected challenges that change everything.
s00484,Movie,A New Beginning 83,Neha Singh,Various Artists,United States,"December 24, 2017",2015,TV-MA,135 min,Thrillers,A movie about love and the unexpected challenges that change everything.
s00485,Movie,The Last Warrior 266,Raj Mehta,Sarah Lee,Japan,"July 1, 2020",2010,PG-13,101 min,Anime Series,A movie about ambition and the unexpected challenges that change everything.
s00486,TV Show,Dream Catcher 48,Sofia Martin,Chris Taylor,Japan,"October 23, 2016",2010,R,4 Seasons,Sci-Fi and Fantasy,A tv show about ambition and the unexpected challenges that change everything.
s00487,Movie,Broken Hearts 278,Sarah Williams,Raj Kumar,Australia,"June 25, 2018",1993,PG,150 min,Sci-Fi and Fantasy,A movie about mystery and the unexpected challenges that change everything.
s00488,Movie,Future World 25,Sarah Williams,Sophia Martin,India,"September 1, 2016",2002,PG,101 min,Crime TV Shows,A movie about mystery and the unexpected challenges that change everything.
s00489,TV Show,A New Beginning 68,Robert Davis,Daniel Kim,United Kingdom,"October 11, 2015",1996,R,1 Season,Stand-Up Comedy,A tv show about survival and the unexpected challenges that change everything.
s00490,TV Show,Future World 137,Michael Brown,Raj Kumar,Italy,"March 27, 2017",1993,NR,3 Seasons,Children and Family Movies,A tv show about ambition and the unexpected challenges that change everything.
s00491,Movie,Dark Secrets 138,James Anderson,Ananya Singh,Spain,"March 24, 2015",1993,R,110 min,Documentaries,A movie about justice and the unexpected challenges that change everything.
s00492,Movie,Edge of Tomorrow 106,Sofia Martin,Various Artists,Japan,"September 24, 2020",2021,TV-PG,150 min,Romantic Movies,A movie about mystery and the unexpected challenges that change everything.
s00493,Movie,The Last Kingdom 176,Arjun Patel,Amit Verma,Mexico,"April 28, 2021",1995,PG-13,150 min,Romantic Movies,A movie about survival and the unexpected challenges that change everything.
s00494,Movie,Mystery House 283,John Carter,Sarah Lee,South Korea,"April 21, 2017",2011,R,101 min,Anime Series,A movie about survival and the unexpected challenges that change everything.
s00495,Movie,Beyond the Horizon 244,Emma Johnson,Neha Patel,Japan,"November 20, 2016",2016,NR,82 min,Music and Musicals,A movie about friendship and the unexpected challenges that change everything.
s00496,Movie,Dream Catcher 127,John Carter,Sophia Martin,Canada,"September 26, 2018",2014,TV-14,120 min,Sci-Fi and Fantasy,A movie about ambition and the unexpected challenges that change everything.
s00497,Movie,Midnight in Mumbai 271,Michael Brown,Amit Verma,Canada,"January 2, 2016",1993,PG,120 min,Sports Movies,A movie about love and the unexpected challenges that change everything.
s00498,Movie,The Forgotten Path 73,David Wilson,John Smith,Germany,"August 23, 2021",2016,PG,90 min,Crime TV Shows,A movie about friendship and the unexpected challenges that change everything.
s00499,TV Show,The Silent Witness 273,Chris Taylor,Michael Brown,Canada,"June 25, 2018",2000,TV-PG,5 Seasons,Romantic Movies,A tv show about justice and the unexpected challenges that change everything.
s00500,TV Show,The Lost Treasure 41,John Carter,Amit Verma,Spain,"August 21, 2021",1999,G,6 Seasons,Anime Series,A tv show about ambition and the unexpected challenges that change everything.
s00501,Movie,Love in Paris 168,Arjun Patel,David Wilson,United States,"March 9, 2021",1996,TV-MA,150 min,Horror Movies,A movie about survival and the unexpected challenges that change everything.
s00502,Movie,The Silent Witness 245,Anil Verma,Various Artists,Canada,"January 4, 2016",2012,TV-MA,75 min,Documentaries,A movie about adventure and the unexpected challenges that change everything.
s00503,Movie,Desert Storm 47,Sofia Martin,Olivia James,United Kingdom,"February 8, 2018",2021,TV-14,120 min,Sci-Fi and Fantasy,A movie about love and the unexpected challenges that change everything.
s00504,TV Show,Lost in the Stars 225,Aarav Sharma,Olivia James,Japan,"May 18, 2019",2014,NR,6 Seasons,Crime TV Shows,A tv show about ambition and the unexpected challenges that change everything.
s00505,Movie,The Secret Island 69,Michael Brown,Arjun Mehta,Germany,"October 21, 2018",2000,PG,95 min,Romantic Movies,A movie about ambition and the unexpected challenges that change everything.
s00506,Movie,The Silent Witness 290,Daniel Lee,Sarah Lee,Mexico,"August 1, 2017",1997,TV-PG,95 min,Dramas,A movie about love and the unexpected challenges that change everything.
s00507,TV Show,The Last Kingdom 61,Sofia Martin,Ananya Singh,France,"February 28, 2021",2007,PG-13,8 Seasons,Comedies,A tv show about friendship and the unexpected challenges that change everything.
s00508,TV Show,Future World 161,Sarah Williams,Raj Kumar,United States,"August 30, 2018",2000,TV-14,4 Seasons,Sports Movies,A tv show about ambition and the unexpected challenges that change everything.
s00509,TV Show,The Last Kingdom 94,Riya Sharma,Michael Brown,Germany,"April 1, 2019",2005,TV-PG,2 Seasons,Dramas,A tv show about mystery and the unexpected challenges that change everything.
s00510,TV Show,Love in Paris 138,Sarah Williams,Various Artists,Japan,"March 7, 2019",2007,TV-PG,4 Seasons,International Movies,A tv show about family and the unexpected challenges that change everything.
s00511,Movie,Hidden Truth 127,Sarah Williams,Emily Stone,Germany,"April 23, 2019",2008,R,95 min,Children and Family Movies,A movie about adventure and the unexpected challenges that change everything.
s00512,Movie,Beyond the Horizon 77,Neha Singh,Olivia James,United Kingdom,"April 2, 2018",2013,TV-MA,150 min,Music and Musicals,A movie about adventure and the unexpected challenges that change everything.
s00513,TV Show,Desert Storm 91,Arjun Patel,Arjun Mehta,Canada,"August 31, 2021",2003,TV-MA,1 Season,Action and Adventure,A tv show about family and the unexpected challenges that change everything.
s00514,TV Show,Dangerous Game 179,Arjun Patel,Amit Verma,India,"December 5, 2019",2003,TV-14,6 Seasons,International Movies,A tv show about mystery and the unexpected challenges that change everything.
s00515,Movie,Mystery House 209,Daniel Lee,Chris Taylor,Japan,"May 4, 2016",1998,PG-13,135 min,Comedies,A movie about family and the unexpected challenges that change everything.
s00516,Movie,Dangerous Game 107,David Wilson,Ananya Singh,Singapore,"December 31, 2021",2014,PG-13,110 min,Crime TV Shows,A movie about ambition and the unexpected challenges that change everything.
s00517,Movie,The Golden Road 284,Sarah Williams,Emily Stone,Singapore,"October 22, 2015",1990,TV-MA,75 min,Thrillers,A movie about love and the unexpected challenges that change everything.
s00518,TV Show,The Forgotten Path 37,Sofia Martin,Chris Taylor,Spain,"September 14, 2019",1998,PG-13,6 Seasons,Action and Adventure,A tv show about survival and the unexpected challenges that change everything.
s00519,TV Show,Dangerous Game 56,Anil Verma,Priya Shah,India,"February 17, 2020",2016,G,4 Seasons,Sports Movies,A tv show about mystery and the unexpected challenges that change everything.
s00520,Movie,Dangerous Game 58,James Anderson,Sophia Martin,Brazil,"March 20, 2016",2000,G,90 min,International Movies,A movie about love and the unexpected challenges that change everything.
s00521,Movie,Desert Storm 188,Aarav Sharma,Priya Shah,India,"December 10, 2020",1995,G,135 min,Sports Movies,A movie about love and the unexpected challenges that change everything.
s00522,Movie,The Last Warrior 168,James Anderson,Riya Kapoor,Spain,"August 3, 2020",1993,TV-MA,90 min,Music and Musicals,A movie about justice and the unexpected challenges that change everything.
s00523,TV Show,The Last Kingdom 37,Neha Singh,Chris Taylor,United States,"July 1, 2019",2004,TV-14,3 Seasons,Crime TV Shows,A tv show about friendship and the unexpected challenges that change everything.
s00524,TV Show,Desert Storm 18,Karan Malhotra,Neha Patel,Mexico,"November 9, 2020",1991,R,6 Seasons,Crime TV Shows,A tv show about family and the unexpected challenges that change everything.
s00525,TV Show,Love in Paris 150,Daniel Lee,Sophia Martin,South Korea,"March 4, 2015",2021,G,2 Seasons,Comedies,A tv show about friendship and the unexpected challenges that change everything.
s00526,Movie,Mystery House 186,David Wilson,Various Artists,Singapore,"March 8, 2018",2014,NR,135 min,Romantic Movies,A movie about family and the unexpected challenges that change everything.
s00527,Movie,Winter Nights 260,Arjun Patel,Arjun Mehta,Canada,"May 13, 2018",2011,PG,101 min,Comedies,A movie about adventure and the unexpected challenges that change everything.
s00528,Movie,Into the Wild 135,James Anderson,David Wilson,Singapore,"September 13, 2015",2018,R,82 min,Sports Movies,A movie about justice and the unexpected challenges that change everything.
s00529,Movie,The Lost Treasure 88,Chris Taylor,John Smith,Singapore,"May 24, 2017",1993,NR,135 min,Crime TV Shows,A movie about family and the unexpected challenges that change everything.
s00530,TV Show,The Great Escape 3,Raj Mehta,Emily Stone,France,"April 2, 2017",2003,G,1 Season,Dramas,A tv show about family and the unexpected challenges that change everything.
s00531,TV Show,The Lost Treasure 121,Robert Davis,Various Artists,Australia,"November 13, 2019",1990,R,6 Seasons,Sports Movies,A tv show about survival and the unexpected challenges that change everything.
s00532,TV Show,Beyond the Horizon 38,Aarav Sharma,Sarah Lee,Singapore,"June 26, 2019",2010,NR,3 Seasons,Music and Musicals,A tv show about survival and the unexpected challenges that change everything.
s00533,TV Show,Desert Storm 133,Chris Taylor,Emily Stone,India,"October 4, 2017",2006,R,1 Season,Crime TV Shows,A tv show about survival and the unexpected challenges that change everything.
s00534,Movie,Dangerous Game 242,Robert Davis,Rahul Sharma,Australia,"August 30, 2020",1996,PG,82 min,Comedies,A movie about love and the unexpected challenges that change everything.
s00535,TV Show,The Great Escape 84,Michael Brown,Emma Clark,India,"June 8, 2021",2008,PG-13,5 Seasons,Horror Movies,A tv show about adventure and the unexpected challenges that change everything.
s00536,TV Show,The Last Kingdom 69,James Anderson,Daniel Kim,Germany,"March 13, 2017",1990,R,6 Seasons,Crime TV Shows,A tv show about family and the unexpected challenges that change everything.
s00537,TV Show,Winter Nights 140,Neha Singh,Ananya Singh,Italy,"July 15, 2015",2017,TV-14,8 Seasons,Sports Movies,A tv show about justice and the unexpected challenges that change everything.
s00538,Movie,Future World 234,Karan Malhotra,Amit Verma,Germany,"May 19, 2021",2012,TV-MA,150 min,Comedies,A movie about ambition and the unexpected challenges that change everything.
s00539,Movie,Dangerous Game 277,Arjun Patel,Various Artists,Brazil,"August 16, 2019",2018,TV-PG,90 min,Thrillers,A movie about family and the unexpected challenges that change everything.
s00540,Movie,Dark Secrets 52,Anil Verma,Various Artists,France,"March 28, 2020",2013,G,95 min,Children and Family Movies,A movie about ambition and the unexpected challenges that change everything.
s00541,TV Show,The Forgotten Path 237,Robert Davis,Chris Taylor,Brazil,"January 9, 2021",2012,TV-PG,2 Seasons,Anime Series,A tv show about mystery and the unexpected challenges that change everything.
s00542,Movie,Dangerous Game 32,Riya Sharma,Arjun Mehta,Mexico,"January 12, 2020",2012,R,95 min,Horror Movies,A movie about mystery and the unexpected challenges that change everything.
s00543,Movie,Future World 110,Sofia Martin,Amit Verma,Mexico,"April 21, 2019",1999,TV-PG,150 min,Crime TV Shows,A movie about family and the unexpected challenges that change everything.
s00544,Movie,Winter Nights 295,Sofia Martin,Rahul Sharma,Germany,"April 15, 2018",2005,G,150 min,Sci-Fi and Fantasy,A movie about ambition and the unexpected challenges that change everything.
s00545,Movie,The Lost Treasure 213,Raj Mehta,Various Artists,India,"November 14, 2020",2018,TV-MA,120 min,Thrillers,A movie about friendship and the unexpected challenges that change everything.
s00546,Movie,Future World 6,Aarav Sharma,Daniel Kim,Japan,"May 17, 2015",2008,TV-PG,101 min,Children and Family Movies,A movie about love and the unexpected challenges that change everything.
s00547,Movie,Dangerous Game 35,Aarav Sharma,Olivia James,Canada,"November 26, 2020",1996,TV-MA,110 min,Sports Movies,A movie about family and the unexpected challenges that change everything.
s00548,Movie,The Last Warrior 118,Riya Sharma,Sarah Lee,Mexico,"October 23, 2016",1994,G,95 min,Sci-Fi and Fantasy,A movie about friendship and the unexpected challenges that change everything.
s00549,Movie,Edge of Tomorrow 76,James Anderson,David Wilson,France,"March 28, 2015",2012,PG,150 min,Comedies,A movie about friendship and the unexpected challenges that change everything.
s00550,TV Show,The Golden Road 214,Emma Johnson,Daniel Kim,Spain,"September 27, 2021",1998,NR,8 Seasons,Documentaries,A tv show about survival and the unexpected challenges that change everything.
s00551,Movie,Winter Nights 239,Riya Sharma,Vikram Singh,Canada,"August 1, 2018",1994,R,101 min,Sports Movies,A movie about love and the unexpected challenges that change everything.
s00552,TV Show,Future World 112,John Carter,Priya Shah,United Kingdom,"May 9, 2016",2012,TV-14,4 Seasons,Comedies,A tv show about ambition and the unexpected challenges that change everything.
s00553,Movie,A New Beginning 247,Riya Sharma,Michael Brown,United Kingdom,"December 4, 2017",1997,TV-PG,101 min,Dramas,A movie about survival and the unexpected challenges that change everything.
s00554,Movie,Rise of the Phoenix 134,Michael Brown,Ananya Singh,United Kingdom,"August 19, 2016",2001,PG,75 min,Sci-Fi and Fantasy,A movie about justice and the unexpected challenges that change everything.
s00555,TV Show,The Lost Treasure 150,Riya Sharma,Riya Kapoor,India,"June 18, 2019",2011,PG,5 Seasons,Documentaries,A tv show about love and the unexpected challenges that change everything.
s00556,Movie,Code Zero 209,John Carter,Various Artists,United Kingdom,"October 16, 2015",2019,G,150 min,Stand-Up Comedy,A movie about family and the unexpected challenges that change everything.
s00557,Movie,Beyond the Horizon 122,Daniel Lee,Daniel Kim,Italy,"April 1, 2021",1999,PG,110 min,International TV Shows,A movie about mystery and the unexpected challenges that change everything.
s00558,Movie,The Final Mission 115,Karan Malhotra,Sophia Martin,Australia,"July 23, 2020",1993,TV-MA,82 min,International TV Shows,A movie about justice and the unexpected challenges that change everything.
s00559,TV Show,Ocean of Fire 201,Daniel Lee,Ananya Singh,Italy,"November 4, 2016",1999,PG,4 Seasons,International Movies,A tv show about ambition and the unexpected challenges that change everything.
s00560,Movie,A New Beginning 167,Riya Sharma,Olivia James,United States,"March 3, 2021",2012,PG,150 min,Sports Movies,A movie about justice and the unexpected challenges that change everything.
s00561,Movie,Midnight in Mumbai 118,Robert Davis,Daniel Kim,South Korea,"May 27, 2015",2004,TV-14,82 min,Romantic Movies,A movie about friendship and the unexpected challenges that change everything.
s00562,Movie,Mystery House 152,John Carter,Daniel Kim,Italy,"February 16, 2016",1997,R,120 min,International Movies,A movie about adventure and the unexpected challenges that change everything.
s00563,Movie,Into the Wild 137,Neha Singh,John Smith,Mexico,"August 7, 2021",2004,TV-PG,75 min,Sports Movies,A movie about survival and the unexpected challenges that change everything.
s00564,Movie,Midnight in Mumbai 195,John Carter,John Smith,United States,"January 19, 2015",1999,TV-PG,101 min,Action and Adventure,A movie about adventure and the unexpected challenges that change everything.
s00565,Movie,Edge of Tomorrow 175,Emma Johnson,Emma Clark,France,"May 13, 2020",1999,NR,120 min,Anime Series,A movie about survival and the unexpected challenges that change everything.
s00566,Movie,The Silent Witness 141,James Anderson,Emily Stone,Australia,"March 24, 2016",2011,TV-MA,82 min,Comedies,A movie about family and the unexpected challenges that change everything.
s00567,Movie,Beyond the Horizon 93,Karan Malhotra,Emily Stone,Japan,"April 4, 2020",2005,PG-13,82 min,Sci-Fi and Fantasy,A movie about justice and the unexpected challenges that change everything.
s00568,Movie,Dark Secrets 205,James Anderson,Raj Kumar,Germany,"August 27, 2015",2005,TV-PG,150 min,Documentaries,A movie about love and the unexpected challenges that change everything.
s00569,TV Show,The Golden Road 245,James Anderson,Rahul Sharma,Japan,"December 27, 2018",2021,TV-PG,3 Seasons,International TV Shows,A tv show about friendship and the unexpected challenges that change everything.
s00570,Movie,Into the Wild 128,Riya Sharma,Amit Verma,India,"October 22, 2015",2013,TV-MA,75 min,Stand-Up Comedy,A movie about family and the unexpected challenges that change everything.
s00571,Movie,Hidden Truth 71,Priya Kapoor,Riya Kapoor,Canada,"August 26, 2020",2002,G,150 min,Thrillers,A movie about love and the unexpected challenges that change everything.
s00572,TV Show,City of Dreams 282,Daniel Lee,Vikram Singh,Singapore,"September 10, 2018",2006,PG-13,2 Seasons,International Movies,A tv show about love and the unexpected challenges that change everything.
s00573,Movie,Future World 103,Aarav Sharma,Rahul Sharma,Germany,"October 27, 2017",2010,TV-14,101 min,Action and Adventure,A movie about mystery and the unexpected challenges that change everything.
s00574,Movie,The Last Kingdom 241,Priya Kapoor,Neha Patel,Germany,"July 12, 2015",2019,PG,110 min,Thrillers,A movie about adventure and the unexpected challenges that change everything.
s00575,TV Show,The Last Kingdom 171,Robert Davis,Vikram Singh,India,"June 12, 2016",2014,R,3 Seasons,Music and Musicals,A tv show about justice and the unexpected challenges that change everything.
s00576,TV Show,The Forgotten Path 253,Robert Davis,Neha Patel,United Kingdom,"September 8, 2015",1992,PG,8 Seasons,Crime TV Shows,A tv show about ambition and the unexpected challenges that change everything.
s00577,Movie,City of Dreams 282,Raj Mehta,Arjun Mehta,Canada,"July 19, 2020",2017,R,120 min,Children and Family Movies,A movie about survival and the unexpected challenges that change everything.
s00578,TV Show,Shadow of the Past 25,Anil Verma,Sophia Martin,Germany,"March 13, 2018",2011,NR,3 Seasons,Sci-Fi and Fantasy,A tv show about justice and the unexpected challenges that change everything.
s00579,Movie,Into the Wild 120,Sarah Williams,Priya Shah,Italy,"January 1, 2018",2013,TV-14,101 min,Thrillers,A movie about adventure and the unexpected challenges that change everything.
s00580,Movie,A New Beginning 86,John Carter,John Smith,United States,"May 19, 2016",2005,TV-MA,120 min,Horror Movies,A movie about friendship and the unexpected challenges that change everything.
s00581,Movie,Into the Wild 118,Emma Johnson,Rahul Sharma,Australia,"October 8, 2021",1998,NR,90 min,International TV Shows,A movie about ambition and the unexpected challenges that change everything.
s00582,TV Show,Ocean of Fire 206,Robert Davis,Amit Verma,Germany,"May 7, 2018",2018,TV-14,4 Seasons,International TV Shows,A tv show about friendship and the unexpected challenges that change everything.
s00583,Movie,Future World 147,Daniel Lee,Vikram Singh,Italy,"December 5, 2015",1991,TV-PG,150 min,Thrillers,A movie about justice and the unexpected challenges that change everything.
s00584,Movie,City of Dreams 271,David Wilson,Neha Patel,Spain,"March 4, 2016",1992,TV-PG,135 min,International TV Shows,A movie about friendship and the unexpected challenges that change everything.
s00585,Movie,Ocean of Fire 181,Arjun Patel,Sarah Lee,India,"May 19, 2015",2003,PG-13,110 min,Documentaries,A movie about friendship and the unexpected challenges that change everything.
s00586,Movie,Future World 57,Priya Kapoor,Various Artists,Brazil,"June 25, 2016",1997,PG,120 min,Music and Musicals,A movie about justice and the unexpected challenges that change everything.
s00587,Movie,The Secret Island 48,Aarav Sharma,Ananya Singh,Italy,"October 18, 2021",1991,PG,82 min,Children and Family Movies,A movie about mystery and the unexpected challenges that change everything.
s00588,Movie,Broken Hearts 292,Riya Sharma,Neha Patel,United Kingdom,"February 10, 2021",2004,G,120 min,International TV Shows,A movie about family and the unexpected challenges that change everything.
s00589,Movie,Code Zero 116,Emma Johnson,David Wilson,Canada,"January 1, 2017",2014,G,110 min,International TV Shows,A movie about justice and the unexpected challenges that change everything.
s00590,Movie,The Lost Treasure 82,Arjun Patel,Vikram Singh,United States,"November 15, 2016",1991,TV-PG,135 min,Romantic Movies,A movie about adventure and the unexpected challenges that change everything.
s00591,Movie,Lost in the Stars 45,Karan Malhotra,Michael Brown,Canada,"July 8, 2021",2011,TV-PG,90 min,Romantic Movies,A movie about survival and the unexpected challenges that change everything.
s00592,Movie,The Last Warrior 20,Sarah Williams,Sarah Lee,France,"July 10, 2021",2021,PG,82 min,Music and Musicals,A movie about justice and the unexpected challenges that change everything.
s00593,Movie,The Great Escape 123,Priya Kapoor,Neha Patel,United Kingdom,"August 9, 2015",1999,G,75 min,Documentaries,A movie about friendship and the unexpected challenges that change everything.
s00594,Movie,Shadow of the Past 3,David Wilson,Amit Verma,Italy,"June 28, 2021",2011,TV-MA,90 min,Comedies,A movie about love and the unexpected challenges that change everything.
s00595,TV Show,A New Beginning 40,David Wilson,Various Artists,France,"July 25, 2015",2016,TV-MA,6 Seasons,Sci-Fi and Fantasy,A tv show about family and the unexpected challenges that change everything.
s00596,Movie,The Final Mission 60,Chris Taylor,Vikram Singh,Germany,"October 5, 2016",2009,NR,90 min,Documentaries,A movie about ambition and the unexpected challenges that change everything.
s00597,Movie,The Last Warrior 235,Michael Brown,Neha Patel,Singapore,"November 13, 2020",1991,TV-PG,150 min,Children and Family Movies,A movie about love and the unexpected challenges that change everything.
s00598,Movie,The Golden Road 256,Anil Verma,Chris Taylor,Spain,"December 21, 2017",2006,TV-14,95 min,Stand-Up Comedy,A movie about ambition and the unexpected challenges that change everything.
s00599,Movie,Shadow of the Past 159,Sarah Williams,Raj Kumar,Canada,"July 23, 2021",2017,G,90 min,International Movies,A movie about love and the unexpected challenges that change everything.
s00600,Movie,The Great Escape 207,Aarav Sharma,Rahul Sharma,Australia,"February 14, 2019",2005,TV-14,82 min,Music and Musicals,A movie about love and the unexpected challenges that change everything.
s00601,Movie,The Secret Island 136,Riya Sharma,Raj Kumar,Brazil,"May 9, 2020",1998,G,150 min,Anime Series,A movie about survival and the unexpected challenges that change everything.
s00602,Movie,Dream Catcher 295,Aarav Sharma,Various Artists,France,"September 7, 2015",2021,R,135 min,Stand-Up Comedy,A movie about survival and the unexpected challenges that change everything.
s00603,Movie,Broken Hearts 211,Sarah Williams,Emma Clark,United Kingdom,"December 7, 2021",2021,PG-13,135 min,Documentaries,A movie about family and the unexpected challenges that change everything.
s00604,Movie,Hidden Truth 29,Riya Sharma,Emma Clark,Japan,"February 13, 2015",2016,R,75 min,Dramas,A movie about family and the unexpected challenges that change everything.
s00605,Movie,Code Zero 92,Raj Mehta,David Wilson,Italy,"August 5, 2016",1998,R,110 min,Anime Series,A movie about survival and the unexpected challenges that change everything.
s00606,Movie,The Last Kingdom 215,Michael Brown,Emma Clark,Italy,"August 8, 2015",2020,PG-13,101 min,Anime Series,A movie about survival and the unexpected challenges that change everything.
s00607,Movie,The Last Warrior 64,Emma Johnson,David Wilson,Brazil,"December 18, 2019",2015,R,120 min,Music and Musicals,A movie about love and the unexpected challenges that change everything.
s00608,Movie,Beyond the Horizon 245,Riya Sharma,Rahul Sharma,Germany,"March 14, 2017",2011,PG-13,101 min,International TV Shows,A movie about ambition and the unexpected challenges that change everything.
s00609,Movie,The Golden Road 269,Michael Brown,Emily Stone,Mexico,"September 2, 2019",2000,R,135 min,Romantic Movies,A movie about family and the unexpected challenges that change everything.
s00610,Movie,The Final Mission 16,Karan Malhotra,David Wilson,Brazil,"February 23, 2015",1997,PG,150 min,Comedies,A movie about love and the unexpected challenges that change everything.
s00611,Movie,Dark Secrets 59,Raj Mehta,John Smith,Singapore,"September 7, 2016",2014,TV-PG,135 min,Anime Series,A movie about family and the unexpected challenges that change everything.
s00612,TV Show,Lost in the Stars 94,Emma Johnson,Sarah Lee,South Korea,"August 12, 2017",2019,TV-14,5 Seasons,Comedies,A tv show about ambition and the unexpected challenges that change everything.
s00613,Movie,Edge of Tomorrow 207,James Anderson,Vikram Singh,Italy,"October 11, 2016",2005,PG-13,75 min,Romantic Movies,A movie about justice and the unexpected challenges that change everything.
s00614,Movie,Rise of the Phoenix 279,Raj Mehta,Daniel Kim,Singapore,"September 9, 2021",2007,PG-13,95 min,Comedies,A movie about adventure and the unexpected challenges that change everything.
s00615,TV Show,The Last Warrior 62,David Wilson,Ananya Singh,South Korea,"October 24, 2018",1995,R,6 Seasons,Dramas,A tv show about love and the unexpected challenges that change everything.
s00616,TV Show,Lost in the Stars 239,Emma Johnson,David Wilson,South Korea,"December 27, 2021",1992,G,4 Seasons,Horror Movies,A tv show about friendship and the unexpected challenges that change everything.
s00617,Movie,The Golden Road 129,John Carter,John Smith,Australia,"October 9, 2020",2019,PG-13,150 min,International TV Shows,A movie about survival and the unexpected challenges that change everything.
s00618,Movie,Dangerous Game 156,Emma Johnson,Sarah Lee,Spain,"July 8, 2020",2010,R,135 min,Stand-Up Comedy,A movie about friendship and the unexpected challenges that change everything.
s00619,TV Show,A New Beginning 278,David Wilson,Emma Clark,Australia,"July 11, 2017",1999,TV-14,5 Seasons,Action and Adventure,A tv show about mystery and the unexpected challenges that change everything.
s00620,TV Show,The Forgotten Path 207,Sarah Williams,Various Artists,Japan,"September 1, 2017",1993,PG-13,6 Seasons,Sports Movies,A tv show about ambition and the unexpected challenges that change everything.
s00621,Movie,Broken Hearts 204,Arjun Patel,Sarah Lee,Brazil,"December 20, 2019",1990,PG,135 min,Sports Movies,A movie about friendship and the unexpected challenges that change everything.
s00622,Movie,The Great Escape 257,Sarah Williams,Michael Brown,India,"January 27, 2016",1994,G,95 min,Documentaries,A movie about survival and the unexpected challenges that change everything.
s00623,Movie,Love in Paris 96,Sofia Martin,Various Artists,Australia,"December 29, 2017",1992,TV-MA,101 min,Documentaries,A movie about mystery and the unexpected challenges that change everything.
s00624,Movie,Lost in the Stars 5,James Anderson,Arjun Mehta,India,"June 3, 2019",2017,TV-PG,135 min,Crime TV Shows,A movie about survival and the unexpected challenges that change everything.
s00625,Movie,The Final Mission 178,Emma Johnson,Priya Shah,Mexico,"January 12, 2020",2005,R,135 min,Horror Movies,A movie about adventure and the unexpected challenges that change everything.
s00626,Movie,The Golden Road 56,Daniel Lee,Michael Brown,Canada,"May 25, 2018",2003,R,95 min,Documentaries,A movie about survival and the unexpected challenges that change everything.
s00627,Movie,Shadow of the Past 232,Sarah Williams,Emily Stone,India,"September 19, 2019",2020,NR,75 min,Comedies,A movie about justice and the unexpected challenges that change everything.
s00628,TV Show,Beyond the Horizon 104,Anil Verma,Sophia Martin,Spain,"March 30, 2016",2002,PG-13,4 Seasons,Romantic Movies,A tv show about mystery and the unexpected challenges that change everything.
s00629,Movie,Dark Secrets 258,Daniel Lee,Neha Patel,United Kingdom,"August 18, 2015",1997,TV-MA,150 min,Anime Series,A movie about justice and the unexpected challenges that change everything.
s00630,Movie,Into the Wild 182,Aarav Sharma,Various Artists,South Korea,"July 6, 2021",2018,G,90 min,Sports Movies,A movie about family and the unexpected challenges that change everything.
s00631,Movie,Desert Storm 176,Karan Malhotra,Chris Taylor,South Korea,"April 23, 2019",2016,TV-MA,75 min,Horror Movies,A movie about ambition and the unexpected challenges that change everything.
s00632,TV Show,Broken Hearts 299,Sarah Williams,Arjun Mehta,South Korea,"August 3, 2019",2018,PG-13,2 Seasons,Children and Family Movies,A tv show about adventure and the unexpected challenges that change everything.
s00633,Movie,A New Beginning 61,Arjun Patel,Vikram Singh,South Korea,"January 19, 2018",1999,PG,90 min,Music and Musicals,A movie about ambition and the unexpected challenges that change everything.
s00634,Movie,The Final Mission 163,Neha Singh,Riya Kapoor,South Korea,"January 14, 2019",2020,G,101 min,Sports Movies,A movie about love and the unexpected challenges that change everything.
s00635,Movie,Broken Hearts 269,Michael Brown,Neha Patel,Italy,"April 19, 2021",2006,R,82 min,Children and Family Movies,A movie about adventure and the unexpected challenges that change everything.
s00636,Movie,Into the Wild 187,Neha Singh,David Wilson,Canada,"October 8, 2017",2010,TV-PG,90 min,Music and Musicals,A movie about friendship and the unexpected challenges that change everything.
s00637,Movie,City of Dreams 291,Neha Singh,Sophia Martin,United Kingdom,"May 13, 2016",2011,PG,135 min,Sci-Fi and Fantasy,A movie about mystery and the unexpected challenges that change everything.
s00638,Movie,Into the Wild 114,Aarav Sharma,David Wilson,India,"June 15, 2015",2006,TV-PG,75 min,Horror Movies,A movie about mystery and the unexpected challenges that change everything.
s00639,Movie,The Great Escape 183,Sarah Williams,Chris Taylor,Mexico,"September 18, 2017",2004,PG,101 min,International TV Shows,A movie about survival and the unexpected challenges that change everything.
s00640,Movie,Into the Wild 3,Riya Sharma,Michael Brown,South Korea,"June 12, 2018",2005,TV-MA,120 min,International Movies,A movie about survival and the unexpected challenges that change everything.
s00641,Movie,Dream Catcher 125,Priya Kapoor,Neha Patel,Spain,"December 9, 2016",1999,TV-PG,101 min,International TV Shows,A movie about survival and the unexpected challenges that change everything.
s00642,Movie,Future World 25,Karan Malhotra,Sophia Martin,Brazil,"December 5, 2015",1993,NR,82 min,Stand-Up Comedy,A movie about mystery and the unexpected challenges that change everything.
s00643,Movie,Rise of the Phoenix 29,Michael Brown,Priya Shah,Italy,"May 16, 2019",2020,PG,120 min,Stand-Up Comedy,A movie about family and the unexpected challenges that change everything.
s00644,Movie,Lost in the Stars 171,David Wilson,Arjun Mehta,Canada,"January 19, 2015",1991,PG,110 min,Sci-Fi and Fantasy,A movie about mystery and the unexpected challenges that change everything.
s00645,Movie,The Last Warrior 61,James Anderson,Michael Brown,Germany,"October 22, 2020",2000,PG,150 min,Sports Movies,A movie about ambition and the unexpected challenges that change everything.
s00646,TV Show,City of Dreams 48,David Wilson,Raj Kumar,United Kingdom,"July 23, 2018",2008,R,6 Seasons,Children and Family Movies,A tv show about family and the unexpected challenges that change everything.
s00647,Movie,The Final Mission 139,David Wilson,David Wilson,India,"April 27, 2020",2003,TV-14,82 min,Music and Musicals,A movie about friendship and the unexpected challenges that change everything.
s00648,Movie,The Silent Witness 183,James Anderson,Various Artists,Brazil,"September 20, 2017",2017,TV-14,82 min,Children and Family Movies,A movie about love and the unexpected challenges that change everything.
s00649,TV Show,Lost in the Stars 51,James Anderson,Olivia James,Canada,"August 31, 2018",2010,R,6 Seasons,Sci-Fi and Fantasy,A tv show about justice and the unexpected challenges that change everything.
s00650,Movie,Mystery House 246,Michael Brown,Amit Verma,Australia,"May 5, 2019",2006,TV-PG,75 min,Comedies,A movie about survival and the unexpected challenges that change everything.
s00651,Movie,Dream Catcher 166,Anil Verma,Sophia Martin,Germany,"January 26, 2021",2014,PG-13,150 min,Sports Movies,A movie about love and the unexpected challenges that change everything.
s00652,Movie,Desert Storm 203,Riya Sharma,Priya Shah,Spain,"November 3, 2017",2021,NR,120 min,Sci-Fi and Fantasy,A movie about survival and the unexpected challenges that change everything.
s00653,Movie,The Great Escape 155,Riya Sharma,Sarah Lee,Brazil,"February 14, 2021",2012,TV-14,135 min,Sci-Fi and Fantasy,A movie about survival and the unexpected challenges that change everything.
s00654,TV Show,Love in Paris 75,Emma Johnson,Amit Verma,Japan,"October 12, 2019",2010,TV-MA,1 Season,Thrillers,A tv show about survival and the unexpected challenges that change everything.
s00655,Movie,Hidden Truth 133,Arjun Patel,Rahul Sharma,United States,"July 28, 2017",2012,NR,135 min,Sci-Fi and Fantasy,A movie about friendship and the unexpected challenges that change everything.
s00656,Movie,Winter Nights 59,Neha Singh,Olivia James,Spain,"December 19, 2018",2020,R,75 min,International TV Shows,A movie about adventure and the unexpected challenges that change everything.
s00657,Movie,Love in Paris 182,Riya Sharma,Emma Clark,France,"September 27, 2017",1999,R,90 min,Stand-Up Comedy,A movie about ambition and the unexpected challenges that change everything.
s00658,Movie,Ocean of Fire 64,Emma Johnson,John Smith,France,"July 6, 2017",1996,R,150 min,Children and Family Movies,A movie about mystery and the unexpected challenges that change everything.
s00659,Movie,Mystery House 143,Riya Sharma,Michael Brown,France,"February 18, 2021",1997,R,82 min,Romantic Movies,A movie about love and the unexpected challenges that change everything.
s00660,Movie,Hidden Truth 214,Sarah Williams,Chris Taylor,Spain,"February 10, 2016",2007,NR,101 min,Music and Musicals,A movie about adventure and the unexpected challenges that change everything.
s00661,Movie,The Forgotten Path 142,Raj Mehta,Amit Verma,United States,"April 3, 2015",2007,TV-MA,90 min,International Movies,A movie about mystery and the unexpected challenges that change everything.
s00662,TV Show,A New Beginning 112,Michael Brown,Chris Taylor,Mexico,"March 9, 2016",1990,TV-MA,2 Seasons,Action and Adventure,A tv show about love and the unexpected challenges that change everything.
s00663,Movie,The Silent Witness 59,Arjun Patel,Daniel Kim,South Korea,"January 10, 2016",2000,G,101 min,Music and Musicals,A movie about survival and the unexpected challenges that change everything.
s00664,Movie,Rise of the Phoenix 268,Aarav Sharma,Arjun Mehta,India,"July 26, 2015",1997,TV-PG,75 min,Children and Family Movies,A movie about ambition and the unexpected challenges that change everything.
s00665,Movie,Lost in the Stars 20,Riya Sharma,Sophia Martin,United Kingdom,"February 15, 2018",2019,R,101 min,Stand-Up Comedy,A movie about friendship and the unexpected challenges that change everything.
s00666,Movie,The Last Kingdom 131,Daniel Lee,David Wilson,Brazil,"January 22, 2021",2017,NR,95 min,Comedies,A movie about adventure and the unexpected challenges that change everything.
s00667,Movie,Rise of the Phoenix 94,Sarah Williams,Various Artists,Italy,"March 31, 2015",2002,R,135 min,Stand-Up Comedy,A movie about mystery and the unexpected challenges that change everything.
s00668,Movie,Edge of Tomorrow 293,Anil Verma,Priya Shah,Italy,"February 1, 2020",2006,TV-MA,150 min,International Movies,A movie about mystery and the unexpected challenges that change everything.
s00669,Movie,The Great Escape 292,Robert Davis,Daniel Kim,South Korea,"February 1, 2020",2011,TV-MA,95 min,International Movies,A movie about adventure and the unexpected challenges that change everything.
s00670,Movie,Mystery House 299,Neha Singh,Arjun Mehta,United States,"May 30, 2019",2011,TV-PG,101 min,International Movies,A movie about ambition and the unexpected challenges that change everything.
s00671,Movie,The Lost Treasure 296,Daniel Lee,Raj Kumar,United States,"November 18, 2017",2015,NR,90 min,International TV Shows,A movie about family and the unexpected challenges that change everything.
s00672,TV Show,Ocean of Fire 209,David Wilson,Sophia Martin,India,"July 14, 2017",2021,PG,8 Seasons,Comedies,A tv show about friendship and the unexpected challenges that change everything.
s00673,Movie,Beyond the Horizon 116,Michael Brown,Rahul Sharma,Brazil,"July 15, 2021",2012,TV-14,90 min,Music and Musicals,A movie about adventure and the unexpected challenges that change everything.
s00674,Movie,The Forgotten Path 235,Riya Sharma,Riya Kapoor,Brazil,"March 13, 2018",1996,NR,95 min,Dramas,A movie about ambition and the unexpected challenges that change everything.
s00675,Movie,Beyond the Horizon 45,Michael Brown,Michael Brown,United States,"September 2, 2017",2016,NR,135 min,Sci-Fi and Fantasy,A movie about justice and the unexpected challenges that change everything.
s00676,TV Show,The Final Mission 155,David Wilson,Rahul Sharma,South Korea,"June 16, 2018",2010,PG,6 Seasons,Sports Movies,A tv show about mystery and the unexpected challenges that change everything.
s00677,Movie,Dream Catcher 256,Riya Sharma,Priya Shah,India,"November 5, 2020",2020,TV-PG,135 min,Sci-Fi and Fantasy,A movie about mystery and the unexpected challenges that change everything.
s00678,Movie,Into the Wild 179,Sofia Martin,Chris Taylor,United States,"January 1, 2018",2009,G,90 min,Dramas,A movie about survival and the unexpected challenges that change everything.
s00679,TV Show,Winter Nights 234,Daniel Lee,Arjun Mehta,Mexico,"January 3, 2020",2006,TV-14,6 Seasons,Stand-Up Comedy,A tv show about adventure and the unexpected challenges that change everything.
s00680,TV Show,Code Zero 223,Arjun Patel,Rahul Sharma,United Kingdom,"November 10, 2019",2012,PG-13,3 Seasons,Anime Series,A tv show about survival and the unexpected challenges that change everything.
s00681,TV Show,The Last Kingdom 95,Sarah Williams,Various Artists,Italy,"May 15, 2018",2010,TV-14,1 Season,Thrillers,A tv show about love and the unexpected challenges that change everything.
s00682,Movie,Dream Catcher 276,Aarav Sharma,Daniel Kim,India,"August 10, 2021",2017,NR,95 min,International Movies,A movie about friendship and the unexpected challenges that change everything.
s00683,Movie,Broken Hearts 119,James Anderson,Sophia Martin,Australia,"August 25, 2018",2001,PG-13,75 min,International TV Shows,A movie about adventure and the unexpected challenges that change everything.
s00684,Movie,The Last Warrior 273,John Carter,Raj Kumar,Canada,"August 2, 2017",2021,NR,82 min,Sports Movies,A movie about friendship and the unexpected challenges that change everything.
s00685,TV Show,Beyond the Horizon 11,Riya Sharma,Emma Clark,Singapore,"July 13, 2017",1991,PG,8 Seasons,Comedies,A tv show about mystery and the unexpected challenges that change everything.
s00686,Movie,Code Zero 71,Aarav Sharma,John Smith,Singapore,"May 23, 2020",2001,PG-13,82 min,Horror Movies,A movie about family and the unexpected challenges that change everything.
s00687,Movie,The Last Kingdom 251,Daniel Lee,Rahul Sharma,France,"December 31, 2019",2009,R,95 min,Documentaries,A movie about love and the unexpected challenges that change everything.
s00688,Movie,Into the Wild 216,Riya Sharma,Emma Clark,Mexico,"February 19, 2015",1999,TV-14,110 min,Sports Movies,A movie about ambition and the unexpected challenges that change everything.
s00689,TV Show,The Secret Island 271,Sarah Williams,Priya Shah,Brazil,"July 17, 2016",1994,TV-PG,5 Seasons,Stand-Up Comedy,A tv show about survival and the unexpected challenges that change everything.
s00690,Movie,Future World 296,David Wilson,Rahul Sharma,Spain,"August 2, 2020",1997,NR,110 min,Crime TV Shows,A movie about survival and the unexpected challenges that change everything.
s00691,Movie,Dream Catcher 236,Sofia Martin,Emma Clark,Brazil,"August 12, 2018",2013,G,110 min,Documentaries,A movie about adventure and the unexpected challenges that change everything.
s00692,Movie,Dark Secrets 110,Riya Sharma,Michael Brown,South Korea,"April 26, 2020",2021,NR,135 min,Stand-Up Comedy,A movie about friendship and the unexpected challenges that change everything.
s00693,Movie,The Golden Road 93,Aarav Sharma,Olivia James,Spain,"June 22, 2017",2019,TV-MA,150 min,Thrillers,A movie about mystery and the unexpected challenges that change everything.
s00694,Movie,The Silent Witness 138,Robert Davis,Sarah Lee,Canada,"December 19, 2017",1996,PG,75 min,Children and Family Movies,A movie about love and the unexpected challenges that change everything.
s00695,Movie,The Last Kingdom 13,Aarav Sharma,Chris Taylor,South Korea,"September 28, 2016",2021,TV-PG,90 min,Children and Family Movies,A movie about survival and the unexpected challenges that change everything.
s00696,Movie,The Secret Island 101,Daniel Lee,Sarah Lee,Japan,"February 5, 2015",2015,PG-13,82 min,Stand-Up Comedy,A movie about adventure and the unexpected challenges that change everything.
s00697,Movie,The Golden Road 166,John Carter,Arjun Mehta,Brazil,"September 23, 2018",2020,NR,90 min,Music and Musicals,A movie about family and the unexpected challenges that change everything.
s00698,Movie,The Last Warrior 278,Robert Davis,Ananya Singh,Mexico,"February 23, 2020",1991,G,82 min,Comedies,A movie about survival and the unexpected challenges that change everything.
s00699,Movie,Beyond the Horizon 11,Neha Singh,Emma Clark,Singapore,"January 31, 2015",2017,TV-14,95 min,Dramas,A movie about ambition and the unexpected challenges that change everything.
s00700,Movie,Midnight in Mumbai 190,Robert Davis,Various Artists,United States,"November 13, 2020",1994,PG,150 min,Thrillers,A movie about survival and the unexpected challenges that change everything.
s00701,Movie,Code Zero 266,Daniel Lee,Amit Verma,United States,"February 17, 2021",1997,G,135 min,Action and Adventure,A movie about adventure and the unexpected challenges that change everything.
s00702,Movie,Love in Paris 112,Robert Davis,David Wilson,United Kingdom,"April 4, 2021",2017,TV-PG,110 min,Action and Adventure,A movie about justice and the unexpected challenges that change everything.
s00703,Movie,Broken Hearts 145,Aarav Sharma,Rahul Sharma,France,"January 9, 2019",1990,PG-13,82 min,Stand-Up Comedy,A movie about ambition and the unexpected challenges that change everything.
s00704,Movie,Winter Nights 106,Michael Brown,Amit Verma,Germany,"September 17, 2017",2010,R,135 min,Stand-Up Comedy,A movie about adventure and the unexpected challenges that change everything.
s00705,Movie,Into the Wild 226,Karan Malhotra,Sarah Lee,Canada,"February 9, 2021",1998,TV-14,101 min,Anime Series,A movie about survival and the unexpected challenges that change everything.
s00706,TV Show,Future World 176,John Carter,Emily Stone,Italy,"January 17, 2018",2007,G,4 Seasons,International TV Shows,A tv show about survival and the unexpected challenges that change everything.
s00707,Movie,The Final Mission 106,Anil Verma,Riya Kapoor,Spain,"August 29, 2017",2004,TV-MA,101 min,Romantic Movies,A movie about survival and the unexpected challenges that change everything.
s00708,TV Show,The Last Warrior 167,Chris Taylor,Vikram Singh,United Kingdom,"June 21, 2020",2002,NR,1 Season,Documentaries,A tv show about adventure and the unexpected challenges that change everything.
s00709,Movie,Future World 40,Sofia Martin,Amit Verma,Brazil,"September 6, 2021",2009,TV-14,82 min,Comedies,A movie about adventure and the unexpected challenges that change everything.
s00710,Movie,The Last Warrior 208,Michael Brown,Olivia James,United States,"January 10, 2018",1998,PG,82 min,Sci-Fi and Fantasy,A movie about justice and the unexpected challenges that change everything.
s00711,TV Show,The Great Escape 38,Raj Mehta,Arjun Mehta,Canada,"March 22, 2016",2008,R,2 Seasons,Children and Family Movies,A tv show about justice and the unexpected challenges that change everything.
s00712,Movie,The Last Warrior 249,Michael Brown,Raj Kumar,France,"October 27, 2021",1992,TV-MA,101 min,Romantic Movies,A movie about friendship and the unexpected challenges that change everything.
s00713,Movie,Hidden Truth 18,Priya Kapoor,Vikram Singh,Japan,"February 17, 2015",2005,TV-MA,135 min,Dramas,A movie about family and the unexpected challenges that change everything.
s00714,Movie,Dark Secrets 295,Emma Johnson,Riya Kapoor,Singapore,"January 2, 2019",1993,TV-14,75 min,Sci-Fi and Fantasy,A movie about ambition and the unexpected challenges that change everything.
s00715,Movie,Ocean of Fire 224,James Anderson,Various Artists,Mexico,"July 6, 2015",2019,TV-14,110 min,Music and Musicals,A movie about family and the unexpected challenges that change everything.
s00716,TV Show,City of Dreams 229,Priya Kapoor,Various Artists,Germany,"December 10, 2021",1995,TV-MA,1 Season,Documentaries,A tv show about mystery and the unexpected challenges that change everything.
s00717,TV Show,The Forgotten Path 77,Arjun Patel,David Wilson,Mexico,"September 5, 2017",2014,TV-PG,1 Season,International TV Shows,A tv show about survival and the unexpected challenges that change everything.
s00718,TV Show,Beyond the Horizon 270,Robert Davis,Sarah Lee,Australia,"February 13, 2021",2020,PG-13,8 Seasons,Comedies,A tv show about mystery and the unexpected challenges that change everything.
s00719,Movie,The Secret Island 132,James Anderson,Raj Kumar,Australia,"November 6, 2015",2017,PG-13,95 min,Thrillers,A movie about survival and the unexpected challenges that change everything.
s00720,TV Show,The Secret Island 72,James Anderson,Amit Verma,India,"April 24, 2019",2014,G,5 Seasons,Documentaries,A tv show about ambition and the unexpected challenges that change everything.
s00721,TV Show,Ocean of Fire 187,Michael Brown,Emma Clark,Japan,"August 23, 2019",1995,PG,4 Seasons,Thrillers,A tv show about adventure and the unexpected challenges that change everything.
s00722,Movie,Mystery House 120,Michael Brown,Neha Patel,Australia,"December 16, 2018",2017,R,90 min,Sci-Fi and Fantasy,A movie about love and the unexpected challenges that change everything.
s00723,Movie,Love in Paris 222,Michael Brown,Neha Patel,United Kingdom,"February 22, 2015",1992,PG,82 min,International Movies,A movie about love and the unexpected challenges that change everything.
s00724,TV Show,The Forgotten Path 237,Michael Brown,Raj Kumar,Brazil,"July 25, 2019",2011,PG,4 Seasons,Anime Series,A tv show about mystery and the unexpected challenges that change everything.
s00725,Movie,Rise of the Phoenix 96,Emma Johnson,Amit Verma,Brazil,"December 20, 2016",2018,R,82 min,Thrillers,A movie about love and the unexpected challenges that change everything.
s00726,TV Show,The Silent Witness 200,Emma Johnson,Vikram Singh,Spain,"October 5, 2021",2012,R,5 Seasons,Documentaries,A tv show about adventure and the unexpected challenges that change everything.
s00727,Movie,Future World 185,Raj Mehta,Riya Kapoor,India,"March 13, 2015",1995,NR,90 min,Music and Musicals,A movie about survival and the unexpected challenges that change everything.
s00728,TV Show,City of Dreams 32,James Anderson,Sophia Martin,Germany,"May 14, 2018",1992,TV-PG,2 Seasons,Horror Movies,A tv show about adventure and the unexpected challenges that change everything.
s00729,Movie,Midnight in Mumbai 256,Neha Singh,Raj Kumar,Japan,"January 22, 2016",2016,G,95 min,Horror Movies,A movie about adventure and the unexpected challenges that change everything.
s00730,Movie,Lost in the Stars 287,David Wilson,Chris Taylor,Singapore,"April 15, 2018",2018,NR,110 min,Sports Movies,A movie about adventure and the unexpected challenges that change everything.
s00731,Movie,Love in Paris 190,James Anderson,Ananya Singh,Spain,"July 2, 2018",2009,G,110 min,Stand-Up Comedy,A movie about friendship and the unexpected challenges that change everything.
s00732,TV Show,Code Zero 287,Sarah Williams,Chris Taylor,Germany,"February 24, 2018",2019,TV-MA,2 Seasons,Stand-Up Comedy,A tv show about friendship and the unexpected challenges that change everything.
s00733,Movie,Into the Wild 250,James Anderson,Various Artists,Brazil,"December 25, 2016",2009,TV-MA,95 min,Sci-Fi and Fantasy,A movie about justice and the unexpected challenges that change everything.
s00734,Movie,Dark Secrets 13,Robert Davis,Olivia James,Germany,"January 18, 2016",2002,TV-PG,120 min,Sci-Fi and Fantasy,A movie about friendship and the unexpected challenges that change everything.
s00735,Movie,Desert Storm 205,Karan Malhotra,Amit Verma,Germany,"October 3, 2015",2006,NR,82 min,International Movies,A movie about love and the unexpected challenges that change everything.
s00736,TV Show,Winter Nights 273,Riya Sharma,Amit Verma,France,"May 27, 2020",2013,G,3 Seasons,Sports Movies,A tv show about friendship and the unexpected challenges that change everything.
s00737,Movie,City of Dreams 219,Chris Taylor,Neha Patel,Mexico,"September 13, 2018",2002,R,135 min,Action and Adventure,A movie about mystery and the unexpected challenges that change everything.
s00738,TV Show,The Forgotten Path 264,David Wilson,Emily Stone,India,"November 24, 2015",2016,TV-14,6 Seasons,Sports Movies,A tv show about survival and the unexpected challenges that change everything.
s00739,Movie,Lost in the Stars 187,Karan Malhotra,David Wilson,Mexico,"February 8, 2018",2002,TV-PG,120 min,Stand-Up Comedy,A movie about friendship and the unexpected challenges that change everything.
s00740,Movie,Winter Nights 156,David Wilson,Arjun Mehta,Spain,"March 1, 2019",2014,TV-PG,90 min,Thrillers,A movie about love and the unexpected challenges that change everything.
s00741,Movie,Winter Nights 272,Aarav Sharma,Emma Clark,Japan,"September 21, 2019",2012,PG-13,135 min,Sci-Fi and Fantasy,A movie about love and the unexpected challenges that change everything.
s00742,Movie,The Last Kingdom 286,Michael Brown,Daniel Kim,United States,"December 22, 2016",1996,PG-13,75 min,Sports Movies,A movie about justice and the unexpected challenges that change everything.
s00743,TV Show,Dream Catcher 96,Arjun Patel,Rahul Sharma,Brazil,"January 13, 2015",2007,TV-MA,5 Seasons,Music and Musicals,A tv show about adventure and the unexpected challenges that change everything.
s00744,Movie,The Final Mission 238,Arjun Patel,Chris Taylor,France,"October 23, 2019",2019,NR,82 min,Dramas,A movie about adventure and the unexpected challenges that change everything.
s00745,Movie,The Secret Island 94,Riya Sharma,Michael Brown,Spain,"April 9, 2018",2010,R,75 min,Romantic Movies,A movie about love and the unexpected challenges that change everything.
s00746,TV Show,Midnight in Mumbai 55,Sofia Martin,Ananya Singh,United Kingdom,"July 6, 2019",2006,TV-MA,6 Seasons,Sci-Fi and Fantasy,A tv show about survival and the unexpected challenges that change everything.
s00747,Movie,Edge of Tomorrow 116,John Carter,Ananya Singh,India,"January 30, 2019",2004,G,90 min,Romantic Movies,A movie about mystery and the unexpected challenges that change everything.
s00748,Movie,The Last Warrior 180,Riya Sharma,Priya Shah,Germany,"May 9, 2018",1999,PG,75 min,Action and Adventure,A movie about mystery and the unexpected challenges that change everything.
s00749,TV Show,The Forgotten Path 53,Sofia Martin,David Wilson,Singapore,"December 1, 2021",2012,TV-14,8 Seasons,Anime Series,A tv show about family and the unexpected challenges that change everything.
s00750,Movie,Hidden Truth 180,Arjun Patel,Amit Verma,India,"August 28, 2021",2019,PG-13,110 min,Anime Series,A movie about adventure and the unexpected challenges that change everything.
s00751,Movie,Desert Storm 137,Priya Kapoor,Vikram Singh,United States,"February 21, 2016",2011,TV-14,150 min,Action and Adventure,A movie about justice and the unexpected challenges that change everything.
s00752,TV Show,The Golden Road 1,Robert Davis,Emma Clark,Spain,"October 22, 2018",2001,PG,3 Seasons,International TV Shows,A tv show about love and the unexpected challenges that change everything.
s00753,Movie,The Last Warrior 98,Arjun Patel,Various Artists,Mexico,"February 10, 2020",2005,NR,135 min,Romantic Movies,A movie about adventure and the unexpected challenges that change everything.
s00754,Movie,Desert Storm 288,Robert Davis,Daniel Kim,United States,"July 12, 2018",2004,TV-14,75 min,Sports Movies,A movie about family and the unexpected challenges that change everything.
s00755,Movie,The Golden Road 237,Priya Kapoor,Vikram Singh,France,"December 27, 2020",2003,G,75 min,Crime TV Shows,A movie about survival and the unexpected challenges that change everything.
s00756,TV Show,Into the Wild 72,Priya Kapoor,Raj Kumar,Italy,"October 13, 2017",2016,R,6 Seasons,Sci-Fi and Fantasy,A tv show about mystery and the unexpected challenges that change everything.
s00757,Movie,The Lost Treasure 107,John Carter,Olivia James,Japan,"July 15, 2018",1997,PG,75 min,International Movies,A movie about survival and the unexpected challenges that change everything.
s00758,Movie,The Forgotten Path 139,James Anderson,Neha Patel,Spain,"June 1, 2017",1996,TV-MA,90 min,Horror Movies,A movie about survival and the unexpected challenges that change everything.
s00759,TV Show,Dangerous Game 221,Anil Verma,Sophia Martin,Germany,"May 9, 2021",2010,TV-MA,6 Seasons,Thrillers,A tv show about justice and the unexpected challenges that change everything.
s00760,TV Show,Shadow of the Past 56,Chris Taylor,Rahul Sharma,South Korea,"February 28, 2016",1995,NR,8 Seasons,Anime Series,A tv show about friendship and the unexpected challenges that change everything.
s00761,Movie,Dangerous Game 102,Karan Malhotra,Olivia James,Spain,"December 8, 2015",1994,PG,150 min,Dramas,A movie about adventure and the unexpected challenges that change everything.
s00762,Movie,Broken Hearts 192,Anil Verma,Riya Kapoor,India,"May 7, 2016",2008,TV-PG,101 min,Dramas,A movie about survival and the unexpected challenges that change everything.
s00763,Movie,Dark Secrets 200,Riya Sharma,Priya Shah,Spain,"April 1, 2017",1998,G,90 min,International Movies,A movie about mystery and the unexpected challenges that change everything.
s00764,TV Show,Desert Storm 227,Anil Verma,Ananya Singh,Japan,"May 22, 2020",2008,G,1 Season,Music and Musicals,A tv show about adventure and the unexpected challenges that change everything.
s00765,Movie,Beyond the Horizon 149,Chris Taylor,Olivia James,Canada,"December 26, 2020",2008,PG-13,90 min,International Movies,A movie about survival and the unexpected challenges that change everything.
s00766,Movie,The Lost Treasure 63,Aarav Sharma,Daniel Kim,India,"January 13, 2019",1997,NR,150 min,Dramas,A movie about justice and the unexpected challenges that change everything.
s00767,TV Show,The Secret Island 156,Karan Malhotra,Amit Verma,Canada,"February 18, 2020",2016,PG,4 Seasons,Sci-Fi and Fantasy,A tv show about survival and the unexpected challenges that change everything.
s00768,TV Show,Shadow of the Past 6,Sarah Williams,Various Artists,Italy,"September 30, 2015",2008,TV-PG,2 Seasons,Comedies,A tv show about justice and the unexpected challenges that change everything.
s00769,Movie,Dark Secrets 28,Karan Malhotra,Emily Stone,United States,"February 9, 2021",1991,PG-13,75 min,Action and Adventure,A movie about survival and the unexpected challenges that change everything.
s00770,TV Show,Rise of the Phoenix 119,Aarav Sharma,Emily Stone,Australia,"April 23, 2019",1994,PG-13,1 Season,Sci-Fi and Fantasy,A tv show about adventure and the unexpected challenges that change everything.
s00771,Movie,The Forgotten Path 299,Priya Kapoor,Daniel Kim,Japan,"February 2, 2021",1993,PG-13,150 min,Crime TV Shows,A movie about justice and the unexpected challenges that change everything.
s00772,TV Show,Future World 269,Sarah Williams,Michael Brown,United Kingdom,"October 6, 2020",2009,TV-PG,3 Seasons,International Movies,A tv show about friendship and the unexpected challenges that change everything.
s00773,Movie,The Last Warrior 105,Riya Sharma,Various Artists,India,"September 3, 2017",1993,R,150 min,International TV Shows,A movie about survival and the unexpected challenges that change everything.
s00774,Movie,A New Beginning 188,Michael Brown,Olivia James,Spain,"June 24, 2018",2003,R,90 min,Action and Adventure,A movie about mystery and the unexpected challenges that change everything.
s00775,TV Show,The Last Warrior 186,Anil Verma,Rahul Sharma,Germany,"October 31, 2020",2017,TV-MA,2 Seasons,Dramas,A tv show about justice and the unexpected challenges that change everything.
s00776,Movie,The Secret Island 238,Aarav Sharma,Emily Stone,France,"October 10, 2018",1997,TV-MA,82 min,Anime Series,A movie about ambition and the unexpected challenges that change everything.
s00777,Movie,City of Dreams 284,Chris Taylor,Vikram Singh,South Korea,"September 16, 2019",1990,PG-13,110 min,Horror Movies,A movie about family and the unexpected challenges that change everything.
s00778,TV Show,Edge of Tomorrow 210,Chris Taylor,Neha Patel,United Kingdom,"May 15, 2020",2005,TV-14,8 Seasons,Sports Movies,A tv show about family and the unexpected challenges that change everything.
s00779,TV Show,Rise of the Phoenix 208,Robert Davis,Chris Taylor,Germany,"October 30, 2021",2007,R,2 Seasons,Thrillers,A tv show about mystery and the unexpected challenges that change everything.
s00780,Movie,Edge of Tomorrow 137,Sofia Martin,David Wilson,United Kingdom,"July 11, 2017",2004,PG,110 min,Sports Movies,A movie about justice and the unexpected challenges that change everything.
s00781,Movie,The Silent Witness 76,John Carter,Sophia Martin,India,"July 3, 2015",2020,PG,135 min,Sports Movies,A movie about love and the unexpected challenges that change everything.
s00782,Movie,Hidden Truth 142,Sofia Martin,Vikram Singh,Spain,"November 24, 2021",2002,TV-PG,150 min,International Movies,A movie about ambition and the unexpected challenges that change everything.
s00783,Movie,Dangerous Game 290,Sarah Williams,Arjun Mehta,Australia,"June 20, 2016",1992,TV-14,101 min,Sports Movies,A movie about ambition and the unexpected challenges that change everything.
s00784,Movie,Broken Hearts 118,Neha Singh,Sarah Lee,Spain,"June 27, 2018",1999,R,150 min,Romantic Movies,A movie about justice and the unexpected challenges that change everything.
s00785,Movie,Dark Secrets 282,John Carter,Arjun Mehta,Canada,"January 1, 2018",2009,G,120 min,Crime TV Shows,A movie about adventure and the unexpected challenges that change everything.
s00786,TV Show,City of Dreams 5,John Carter,Neha Patel,Singapore,"June 1, 2015",1992,NR,1 Season,Sports Movies,A tv show about survival and the unexpected challenges that change everything.
s00787,Movie,Into the Wild 283,Sarah Williams,Chris Taylor,United Kingdom,"May 31, 2020",2005,PG-13,120 min,Action and Adventure,A movie about family and the unexpected challenges that change everything.
s00788,Movie,Future World 163,James Anderson,Arjun Mehta,Germany,"September 28, 2015",2001,TV-MA,82 min,Horror Movies,A movie about love and the unexpected challenges that change everything.
s00789,Movie,The Secret Island 181,Raj Mehta,Amit Verma,Italy,"April 15, 2015",2001,TV-PG,135 min,Sci-Fi and Fantasy,A movie about ambition and the unexpected challenges that change everything.
s00790,TV Show,The Last Warrior 162,Chris Taylor,Daniel Kim,Canada,"September 7, 2019",2012,PG,3 Seasons,Sci-Fi and Fantasy,A tv show about ambition and the unexpected challenges that change everything.
s00791,Movie,Desert Storm 140,Sofia Martin,John Smith,Spain,"July 26, 2021",2012,TV-MA,150 min,Stand-Up Comedy,A movie about love and the unexpected challenges that change everything.
s00792,Movie,Dream Catcher 176,Robert Davis,Ananya Singh,South Korea,"March 28, 2015",2012,TV-MA,75 min,International TV Shows,A movie about family and the unexpected challenges that change everything.
s00793,Movie,Dream Catcher 129,Robert Davis,Raj Kumar,Canada,"August 12, 2021",2011,G,120 min,Crime TV Shows,A movie about ambition and the unexpected challenges that change everything.
s00794,Movie,Dark Secrets 158,James Anderson,Emma Clark,Australia,"May 21, 2019",1992,R,90 min,Music and Musicals,A movie about love and the unexpected challenges that change everything.
s00795,Movie,The Final Mission 116,Riya Sharma,David Wilson,Singapore,"May 29, 2015",2011,PG,120 min,Thrillers,A movie about mystery and the unexpected challenges that change everything.
s00796,TV Show,Dream Catcher 294,Michael Brown,Amit Verma,United States,"February 1, 2019",2018,TV-14,6 Seasons,Dramas,A tv show about love and the unexpected challenges that change everything.
s00797,TV Show,The Golden Road 25,Arjun Patel,Emma Clark,United Kingdom,"September 7, 2015",2010,TV-14,2 Seasons,Anime Series,A tv show about justice and the unexpected challenges that change everything.
s00798,Movie,The Secret Island 70,Neha Singh,Vikram Singh,United Kingdom,"September 10, 2017",2006,NR,150 min,Anime Series,A movie about justice and the unexpected challenges that change everything.
s00799,Movie,Dark Secrets 112,Sofia Martin,Sarah Lee,United Kingdom,"May 24, 2017",2001,G,75 min,Music and Musicals,A movie about adventure and the unexpected challenges that change everything.
s00800,TV Show,Desert Storm 91,Karan Malhotra,Michael Brown,France,"August 19, 2018",2007,PG,1 Season,Comedies,A tv show about justice and the unexpected challenges that change everything.
s00801,Movie,Desert Storm 227,Sofia Martin,Emily Stone,Spain,"October 22, 2016",2011,NR,82 min,Thrillers,A movie about mystery and the unexpected challenges that change everything.
s00802,Movie,Rise of the Phoenix 151,Karan Malhotra,John Smith,Australia,"May 21, 2017",2021,TV-14,95 min,Music and Musicals,A movie about family and the unexpected challenges that change everything.
s00803,Movie,Future World 40,Riya Sharma,Neha Patel,Japan,"June 9, 2020",2007,TV-MA,110 min,Dramas,A movie about justice and the unexpected challenges that change everything.
s00804,Movie,Rise of the Phoenix 180,Karan Malhotra,Sophia Martin,Spain,"December 25, 2020",2006,PG,120 min,International TV Shows,A movie about mystery and the unexpected challenges that change everything.
s00805,Movie,Hidden Truth 203,David Wilson,Ananya Singh,Mexico,"December 25, 2021",2018,PG-13,101 min,Comedies,A movie about justice and the unexpected challenges that change everything.
s00806,TV Show,Broken Hearts 5,David Wilson,Neha Patel,United States,"July 11, 2015",2015,PG-13,8 Seasons,Dramas,A tv show about mystery and the unexpected challenges that change everything.
s00807,TV Show,The Great Escape 37,John Carter,Amit Verma,Australia,"September 13, 2019",2013,TV-14,8 Seasons,Children and Family Movies,A tv show about mystery and the unexpected challenges that change everything.
s00808,TV Show,Shadow of the Past 237,Emma Johnson,Michael Brown,Singapore,"March 18, 2016",1995,PG-13,1 Season,International Movies,A tv show about love and the unexpected challenges that change everything.
s00809,Movie,Edge of Tomorrow 59,Michael Brown,Chris Taylor,South Korea,"August 7, 2016",2005,TV-PG,101 min,Documentaries,A movie about justice and the unexpected challenges that change everything.
s00810,Movie,City of Dreams 188,Karan Malhotra,Ananya Singh,South Korea,"March 18, 2019",2008,TV-14,90 min,Thrillers,A movie about justice and the unexpected challenges that change everything.
s00811,TV Show,Winter Nights 267,Neha Singh,David Wilson,Canada,"September 8, 2020",2017,NR,6 Seasons,Romantic Movies,A tv show about adventure and the unexpected challenges that change everything.
s00812,TV Show,Broken Hearts 90,Sofia Martin,Ananya Singh,Italy,"November 25, 2020",2002,PG-13,8 Seasons,International Movies,A tv show about friendship and the unexpected challenges that change everything.
s00813,Movie,City of Dreams 220,Chris Taylor,David Wilson,Germany,"June 9, 2017",2015,PG-13,135 min,Documentaries,A movie about ambition and the unexpected challenges that change everything.
s00814,TV Show,Future World 103,James Anderson,Sophia Martin,Japan,"August 28, 2016",2020,TV-PG,5 Seasons,Anime Series,A tv show about friendship and the unexpected challenges that change everything.
s00815,TV Show,Hidden Truth 184,Chris Taylor,David Wilson,Italy,"June 27, 2020",2004,PG,5 Seasons,Comedies,A tv show about family and the unexpected challenges that change everything.
s00816,Movie,Edge of Tomorrow 247,Riya Sharma,Riya Kapoor,Singapore,"November 4, 2016",2020,G,101 min,Crime TV Shows,A movie about mystery and the unexpected challenges that change everything.
s00817,Movie,A New Beginning 76,Sarah Williams,Michael Brown,Italy,"May 7, 2019",1990,G,135 min,Documentaries,A movie about adventure and the unexpected challenges that change everything.
s00818,Movie,Code Zero 278,Anil Verma,Priya Shah,South Korea,"January 2, 2019",1997,TV-MA,75 min,Action and Adventure,A movie about friendship and the unexpected challenges that change everything.
s00819,Movie,Love in Paris 111,Sarah Williams,Various Artists,India,"June 25, 2019",1990,NR,110 min,Documentaries,A movie about mystery and the unexpected challenges that change everything.
s00820,Movie,A New Beginning 191,Priya Kapoor,Ananya Singh,United States,"January 30, 2017",1999,TV-14,75 min,Horror Movies,A movie about family and the unexpected challenges that change everything.
s00821,TV Show,Desert Storm 209,Sarah Williams,John Smith,Singapore,"December 20, 2018",2011,TV-PG,4 Seasons,Romantic Movies,A tv show about family and the unexpected challenges that change everything.
s00822,Movie,Desert Storm 99,David Wilson,Michael Brown,Japan,"November 8, 2016",2002,NR,82 min,Sports Movies,A movie about mystery and the unexpected challenges that change everything.
s00823,Movie,Winter Nights 8,Neha Singh,Arjun Mehta,Japan,"May 16, 2018",2019,TV-PG,82 min,Children and Family Movies,A movie about friendship and the unexpected challenges that change everything.
s00824,Movie,Dark Secrets 17,James Anderson,Arjun Mehta,United States,"December 14, 2019",2011,PG-13,101 min,Romantic Movies,A movie about justice and the unexpected challenges that change everything.
s00825,Movie,Lost in the Stars 145,Arjun Patel,Daniel Kim,Spain,"August 4, 2019",1995,G,90 min,Music and Musicals,A movie about family and the unexpected challenges that change everything.
s00826,TV Show,Shadow of the Past 78,Riya Sharma,Emma Clark,Canada,"April 28, 2017",2002,TV-14,4 Seasons,Children and Family Movies,A tv show about family and the unexpected challenges that change everything.
s00827,Movie,Midnight in Mumbai 14,John Carter,John Smith,Spain,"June 12, 2015",2004,PG-13,135 min,Dramas,A movie about justice and the unexpected challenges that change everything.
s00828,Movie,Shadow of the Past 143,Raj Mehta,Ananya Singh,Italy,"March 13, 2015",2011,G,101 min,Thrillers,A movie about survival and the unexpected challenges that change everything.
s00829,TV Show,The Secret Island 241,James Anderson,Neha Patel,United States,"September 26, 2015",2020,NR,4 Seasons,Anime Series,A tv show about ambition and the unexpected challenges that change everything.
s00830,Movie,Dream Catcher 163,John Carter,Rahul Sharma,Canada,"June 22, 2018",2017,TV-MA,120 min,Music and Musicals,A movie about family and the unexpected challenges that change everything.
s00831,Movie,Broken Hearts 197,Riya Sharma,Riya Kapoor,South Korea,"January 6, 2015",2011,PG-13,120 min,Comedies,A movie about family and the unexpected challenges that change everything.
s00832,Movie,Beyond the Horizon 217,Riya Sharma,Arjun Mehta,India,"February 11, 2016",1991,NR,101 min,Horror Movies,A movie about love and the unexpected challenges that change everything.
s00833,Movie,Into the Wild 5,Aarav Sharma,David Wilson,Italy,"September 4, 2020",2015,R,101 min,Stand-Up Comedy,A movie about family and the unexpected challenges that change everything.
s00834,Movie,Mystery House 198,Sofia Martin,Sophia Martin,India,"January 25, 2016",2016,NR,95 min,Thrillers,A movie about friendship and the unexpected challenges that change everything.
s00835,Movie,The Final Mission 242,Raj Mehta,Neha Patel,Canada,"January 11, 2019",2007,NR,120 min,Action and Adventure,A movie about mystery and the unexpected challenges that change everything.
s00836,Movie,The Great Escape 273,Riya Sharma,Chris Taylor,United States,"November 12, 2018",2014,TV-MA,110 min,Comedies,A movie about survival and the unexpected challenges that change everything.
s00837,TV Show,The Lost Treasure 13,Aarav Sharma,David Wilson,India,"June 9, 2016",1996,R,8 Seasons,Sports Movies,A tv show about love and the unexpected challenges that change everything.
s00838,Movie,The Golden Road 44,Daniel Lee,John Smith,United States,"August 28, 2021",2012,TV-PG,135 min,Dramas,A movie about justice and the unexpected challenges that change everything.
s00839,Movie,Edge of Tomorrow 63,Aarav Sharma,Sarah Lee,Mexico,"January 19, 2015",2000,TV-PG,75 min,Romantic Movies,A movie about friendship and the unexpected challenges that change everything.
s00840,Movie,The Secret Island 100,Robert Davis,Emily Stone,Germany,"September 30, 2017",1992,TV-PG,82 min,International Movies,A movie about family and the unexpected challenges that change everything.
s00841,Movie,The Great Escape 44,Daniel Lee,John Smith,Brazil,"December 9, 2020",1997,R,120 min,Crime TV Shows,A movie about ambition and the unexpected challenges that change everything.
s00842,Movie,The Forgotten Path 145,Sarah Williams,Neha Patel,Australia,"April 27, 2020",1996,TV-PG,110 min,Horror Movies,A movie about friendship and the unexpected challenges that change everything.
s00843,Movie,Broken Hearts 50,David Wilson,Arjun Mehta,India,"August 7, 2021",1990,TV-14,101 min,Thrillers,A movie about ambition and the unexpected challenges that change everything.
s00844,TV Show,City of Dreams 288,Sofia Martin,Rahul Sharma,United Kingdom,"July 30, 2021",1993,NR,2 Seasons,Comedies,A tv show about love and the unexpected challenges that change everything.
s00845,Movie,The Last Kingdom 239,James Anderson,Priya Shah,United States,"February 25, 2018",2019,NR,82 min,Dramas,A movie about friendship and the unexpected challenges that change everything.
s00846,Movie,City of Dreams 187,John Carter,Neha Patel,Japan,"March 18, 2017",2005,G,135 min,Thrillers,A movie about adventure and the unexpected challenges that change everything.
s00847,Movie,Shadow of the Past 190,Emma Johnson,Various Artists,Germany,"January 1, 2017",1993,G,95 min,Romantic Movies,A movie about friendship and the unexpected challenges that change everything.
s00848,TV Show,The Last Warrior 284,David Wilson,Sophia Martin,Spain,"March 4, 2016",2021,TV-14,6 Seasons,Sci-Fi and Fantasy,A tv show about survival and the unexpected challenges that change everything.
s00849,Movie,Love in Paris 194,Raj Mehta,Rahul Sharma,Canada,"April 3, 2021",2020,R,82 min,International Movies,A movie about survival and the unexpected challenges that change everything.
s00850,Movie,Dream Catcher 246,Riya Sharma,Various Artists,Canada,"February 9, 2017",1997,NR,95 min,Children and Family Movies,A movie about friendship and the unexpected challenges that change everything.
s00851,Movie,The Final Mission 271,Sarah Williams,Amit Verma,Italy,"March 2, 2017",2000,NR,135 min,Romantic Movies,A movie about love and the unexpected challenges that change everything.
s00852,TV Show,Future World 201,Aarav Sharma,Ananya Singh,Italy,"January 15, 2021",1996,PG,3 Seasons,Horror Movies,A tv show about ambition and the unexpected challenges that change everything.
s00853,Movie,A New Beginning 264,Anil Verma,Vikram Singh,Brazil,"April 30, 2019",1996,NR,75 min,International Movies,A movie about friendship and the unexpected challenges that change everything.
s00854,TV Show,Edge of Tomorrow 103,Riya Sharma,Priya Shah,United Kingdom,"May 25, 2017",1999,TV-MA,4 Seasons,International Movies,A tv show about family and the unexpected challenges that change everything.
s00855,Movie,The Secret Island 286,Daniel Lee,Chris Taylor,Spain,"February 22, 2018",1999,PG,120 min,Horror Movies,A movie about survival and the unexpected challenges that change everything.
s00856,Movie,Ocean of Fire 197,Sarah Williams,Arjun Mehta,Canada,"October 19, 2016",2010,TV-14,95 min,Anime Series,A movie about adventure and the unexpected challenges that change everything.
s00857,Movie,Dark Secrets 60,Daniel Lee,John Smith,Germany,"February 27, 2016",1991,NR,75 min,Anime Series,A movie about love and the unexpected challenges that change everything.
s00858,Movie,The Final Mission 173,Chris Taylor,Priya Shah,France,"June 20, 2015",2012,PG,90 min,Sports Movies,A movie about adventure and the unexpected challenges that change everything.
s00859,Movie,Mystery House 122,Sofia Martin,Michael Brown,Canada,"March 28, 2016",2018,PG,90 min,Comedies,A movie about friendship and the unexpected challenges that change everything.
s00860,Movie,A New Beginning 108,Michael Brown,Emily Stone,Singapore,"December 16, 2021",1993,NR,135 min,Anime Series,A movie about love and the unexpected challenges that change everything.
s00861,TV Show,Winter Nights 288,Anil Verma,Sarah Lee,Japan,"August 15, 2020",1999,TV-PG,8 Seasons,Romantic Movies,A tv show about adventure and the unexpected challenges that change everything.
s00862,Movie,Lost in the Stars 96,Neha Singh,Various Artists,Germany,"December 18, 2018",1998,R,135 min,Sports Movies,A movie about mystery and the unexpected challenges that change everything.
s00863,Movie,The Silent Witness 202,Neha Singh,Sarah Lee,Canada,"October 31, 2019",2009,PG,120 min,Documentaries,A movie about love and the unexpected challenges that change everything.
s00864,Movie,Edge of Tomorrow 112,Raj Mehta,Emma Clark,United States,"October 26, 2017",2013,TV-MA,135 min,Comedies,A movie about ambition and the unexpected challenges that change everything.
s00865,Movie,Code Zero 106,James Anderson,Sophia Martin,Brazil,"March 22, 2016",2000,TV-14,135 min,Music and Musicals,A movie about adventure and the unexpected challenges that change everything.
s00866,Movie,Lost in the Stars 96,Riya Sharma,Raj Kumar,Mexico,"March 21, 2017",1993,G,95 min,Thrillers,A movie about survival and the unexpected challenges that change everything.
s00867,Movie,Hidden Truth 297,Daniel Lee,John Smith,United States,"August 16, 2017",2008,NR,101 min,Romantic Movies,A movie about justice and the unexpected challenges that change everything.
s00868,Movie,Dream Catcher 214,Raj Mehta,Chris Taylor,Germany,"September 29, 2021",2013,TV-PG,120 min,Romantic Movies,A movie about survival and the unexpected challenges that change everything.
s00869,TV Show,Mystery House 291,Chris Taylor,Raj Kumar,Singapore,"November 6, 2021",2011,TV-14,4 Seasons,Crime TV Shows,A tv show about friendship and the unexpected challenges that change everything.
s00870,TV Show,Hidden Truth 150,Neha Singh,Michael Brown,Mexico,"May 1, 2018",2005,R,8 Seasons,Action and Adventure,A tv show about survival and the unexpected challenges that change everything.
s00871,Movie,The Golden Road 251,Aarav Sharma,Various Artists,Italy,"February 17, 2017",1999,PG,75 min,International Movies,A movie about ambition and the unexpected challenges that change everything.
s00872,Movie,Beyond the Horizon 76,Chris Taylor,Vikram Singh,United States,"March 19, 2019",2012,PG,110 min,Romantic Movies,A movie about family and the unexpected challenges that change everything.
s00873,Movie,Into the Wild 18,Priya Kapoor,Amit Verma,South Korea,"August 13, 2015",2006,R,150 min,International Movies,A movie about justice and the unexpected challenges that change everything.
s00874,Movie,The Golden Road 233,Priya Kapoor,Sarah Lee,South Korea,"April 17, 2021",1998,PG,101 min,Anime Series,A movie about mystery and the unexpected challenges that change everything.
s00875,Movie,Midnight in Mumbai 202,John Carter,Riya Kapoor,South Korea,"December 20, 2019",2008,NR,135 min,International Movies,A movie about justice and the unexpected challenges that change everything.
s00876,Movie,Desert Storm 175,Riya Sharma,Rahul Sharma,Japan,"May 5, 2015",1994,NR,110 min,Action and Adventure,A movie about adventure and the unexpected challenges that change everything.
s00877,Movie,The Secret Island 215,Chris Taylor,John Smith,India,"July 3, 2018",2019,G,90 min,Sci-Fi and Fantasy,A movie about family and the unexpected challenges that change everything.
s00878,Movie,The Last Kingdom 237,David Wilson,Michael Brown,India,"May 17, 2021",2013,TV-PG,135 min,Thrillers,A movie about adventure and the unexpected challenges that change everything.
s00879,Movie,Code Zero 25,Raj Mehta,Olivia James,France,"August 12, 2021",1999,TV-PG,135 min,International TV Shows,A movie about ambition and the unexpected challenges that change everything.
s00880,Movie,Rise of the Phoenix 94,Raj Mehta,Olivia James,Canada,"December 18, 2016",2012,TV-14,75 min,Documentaries,A movie about survival and the unexpected challenges that change everything.
s00881,Movie,Love in Paris 25,Anil Verma,Arjun Mehta,Germany,"May 14, 2020",2003,NR,135 min,Sci-Fi and Fantasy,A movie about love and the unexpected challenges that change everything.
s00882,Movie,The Secret Island 48,Robert Davis,Priya Shah,Brazil,"April 26, 2015",1991,PG-13,95 min,Music and Musicals,A movie about survival and the unexpected challenges that change everything.
s00883,Movie,Hidden Truth 99,Aarav Sharma,Amit Verma,South Korea,"December 7, 2019",2000,PG-13,135 min,Romantic Movies,A movie about love and the unexpected challenges that change everything.
s00884,Movie,Desert Storm 85,Riya Sharma,Olivia James,United Kingdom,"March 27, 2019",2010,TV-PG,90 min,Romantic Movies,A movie about adventure and the unexpected challenges that change everything.
s00885,TV Show,The Last Kingdom 209,Aarav Sharma,Arjun Mehta,Spain,"November 15, 2016",2021,TV-PG,4 Seasons,Children and Family Movies,A tv show about survival and the unexpected challenges that change everything.
s00886,Movie,City of Dreams 258,Priya Kapoor,Rahul Sharma,Mexico,"May 19, 2019",2001,TV-MA,110 min,International TV Shows,A movie about love and the unexpected challenges that change everything.
s00887,Movie,Beyond the Horizon 298,Chris Taylor,Rahul Sharma,United Kingdom,"December 8, 2020",2007,PG-13,82 min,Dramas,A movie about ambition and the unexpected challenges that change everything.
s00888,Movie,Edge of Tomorrow 272,Arjun Patel,Amit Verma,Germany,"October 2, 2020",2006,PG,90 min,Dramas,A movie about survival and the unexpected challenges that change everything.
s00889,Movie,Mystery House 18,Robert Davis,Sophia Martin,Japan,"November 14, 2019",1992,TV-PG,135 min,Crime TV Shows,A movie about family and the unexpected challenges that change everything.
s00890,Movie,The Golden Road 187,Arjun Patel,Ananya Singh,United Kingdom,"October 9, 2017",2015,TV-14,101 min,Dramas,A movie about ambition and the unexpected challenges that change everything.
s00891,TV Show,The Last Warrior 239,Daniel Lee,Chris Taylor,South Korea,"April 28, 2021",2005,TV-14,3 Seasons,Comedies,A tv show about adventure and the unexpected challenges that change everything.
s00892,TV Show,Broken Hearts 76,Karan Malhotra,Sarah Lee,Brazil,"June 3, 2021",2017,PG-13,2 Seasons,Dramas,A tv show about family and the unexpected challenges that change everything.
s00893,TV Show,Into the Wild 246,Chris Taylor,John Smith,Australia,"September 18, 2018",1991,G,2 Seasons,Music and Musicals,A tv show about survival and the unexpected challenges that change everything.
s00894,Movie,The Last Warrior 283,Karan Malhotra,Ananya Singh,Italy,"April 6, 2017",2004,PG,120 min,Thrillers,A movie about ambition and the unexpected challenges that change everything.
s00895,Movie,Beyond the Horizon 263,James Anderson,Riya Kapoor,United States,"October 20, 2020",2020,PG-13,110 min,International TV Shows,A movie about mystery and the unexpected challenges that change everything.
s00896,Movie,Rise of the Phoenix 63,Riya Sharma,John Smith,Canada,"March 17, 2020",1997,NR,120 min,Sports Movies,A movie about mystery and the unexpected challenges that change everything.
s00897,Movie,City of Dreams 12,Neha Singh,Emma Clark,United Kingdom,"June 10, 2017",2002,TV-14,90 min,Horror Movies,A movie about mystery and the unexpected challenges that change everything.
s00898,TV Show,The Great Escape 43,Karan Malhotra,Arjun Mehta,India,"November 25, 2019",2006,G,1 Season,Dramas,A tv show about ambition and the unexpected challenges that change everything.
s00899,Movie,Mystery House 253,Emma Johnson,Emma Clark,United Kingdom,"December 22, 2017",2006,NR,90 min,Horror Movies,A movie about love and the unexpected challenges that change everything.
s00900,Movie,Dangerous Game 292,James Anderson,Olivia James,Australia,"January 11, 2016",2010,NR,75 min,Sci-Fi and Fantasy,A movie about mystery and the unexpected challenges that change everything.
s00901,Movie,The Great Escape 90,Riya Sharma,Chris Taylor,Canada,"June 3, 2016",2005,TV-MA,75 min,Thrillers,A movie about mystery and the unexpected challenges that change everything.
s00902,Movie,Hidden Truth 175,Arjun Patel,Emily Stone,Italy,"September 21, 2016",2001,PG-13,120 min,Romantic Movies,A movie about justice and the unexpected challenges that change everything.
s00903,Movie,Edge of Tomorrow 151,Daniel Lee,Raj Kumar,India,"July 14, 2017",2005,PG-13,135 min,Action and Adventure,A movie about survival and the unexpected challenges that change everything.
s00904,Movie,Broken Hearts 71,Arjun Patel,Neha Patel,France,"December 11, 2019",2002,PG-13,135 min,International Movies,A movie about survival and the unexpected challenges that change everything.
s00905,Movie,Code Zero 293,Raj Mehta,Michael Brown,United Kingdom,"November 5, 2018",2018,TV-MA,90 min,Crime TV Shows,A movie about justice and the unexpected challenges that change everything.
s00906,TV Show,The Secret Island 228,Michael Brown,Riya Kapoor,United Kingdom,"July 14, 2015",2004,TV-MA,3 Seasons,International TV Shows,A tv show about ambition and the unexpected challenges that change everything.
s00907,TV Show,Mystery House 275,Sofia Martin,Ananya Singh,Japan,"December 30, 2018",2002,PG-13,5 Seasons,Action and Adventure,A tv show about adventure and the unexpected challenges that change everything.
s00908,Movie,Winter Nights 21,David Wilson,Emily Stone,Spain,"September 9, 2016",2021,TV-PG,150 min,Crime TV Shows,A movie about survival and the unexpected challenges that change everything.
s00909,Movie,Dangerous Game 27,Robert Davis,Michael Brown,Italy,"January 21, 2021",2012,PG,82 min,International TV Shows,A movie about love and the unexpected challenges that change everything.
s00910,Movie,The Silent Witness 148,Michael Brown,Various Artists,Japan,"October 12, 2015",2014,PG,135 min,Anime Series,A movie about survival and the unexpected challenges that change everything.
s00911,Movie,Edge of Tomorrow 164,David Wilson,Emily Stone,Canada,"April 17, 2017",1991,TV-PG,150 min,Documentaries,A movie about adventure and the unexpected challenges that change everything.
s00912,Movie,The Lost Treasure 272,Riya Sharma,Vikram Singh,Mexico,"August 12, 2015",2007,TV-14,120 min,Sports Movies,A movie about family and the unexpected challenges that change everything.
s00913,Movie,The Last Kingdom 30,Michael Brown,Raj Kumar,Germany,"August 7, 2017",2002,PG,101 min,International TV Shows,A movie about love and the unexpected challenges that change everything.
s00914,Movie,Dangerous Game 34,Chris Taylor,Vikram Singh,Australia,"December 16, 2019",2002,PG,90 min,Sci-Fi and Fantasy,A movie about friendship and the unexpected challenges that change everything.
s00915,Movie,The Golden Road 221,Sarah Williams,Sarah Lee,United Kingdom,"April 9, 2017",1993,TV-PG,95 min,Sci-Fi and Fantasy,A movie about love and the unexpected challenges that change everything.
s00916,Movie,The Final Mission 231,Michael Brown,John Smith,France,"November 22, 2016",2008,TV-14,82 min,Dramas,A movie about justice and the unexpected challenges that change everything.
s00917,Movie,Winter Nights 38,Neha Singh,Ananya Singh,Canada,"April 22, 2020",1995,TV-14,75 min,Comedies,A movie about justice and the unexpected challenges that change everything.
s00918,TV Show,The Last Kingdom 148,Emma Johnson,Ananya Singh,India,"April 5, 2021",1998,PG-13,6 Seasons,Dramas,A tv show about family and the unexpected challenges that change everything.
s00919,TV Show,The Lost Treasure 50,Sarah Williams,Vikram Singh,Canada,"August 4, 2018",2007,R,2 Seasons,International TV Shows,A tv show about friendship and the unexpected challenges that change everything.
s00920,Movie,Lost in the Stars 126,Michael Brown,Michael Brown,Spain,"July 4, 2017",2000,PG,110 min,Romantic Movies,A movie about adventure and the unexpected challenges that change everything.
s00921,TV Show,Code Zero 290,John Carter,Emily Stone,Singapore,"October 5, 2015",2002,TV-MA,5 Seasons,Horror Movies,A tv show about adventure and the unexpected challenges that change everything.
s00922,Movie,Hidden Truth 137,David Wilson,Rahul Sharma,United States,"January 8, 2020",1999,TV-14,95 min,Music and Musicals,A movie about survival and the unexpected challenges that change everything.
s00923,TV Show,Desert Storm 135,David Wilson,Chris Taylor,Italy,"June 19, 2019",1993,TV-14,2 Seasons,International TV Shows,A tv show about ambition and the unexpected challenges that change everything.
s00924,TV Show,Love in Paris 159,Priya Kapoor,Various Artists,Canada,"March 16, 2018",2021,G,1 Season,Crime TV Shows,A tv show about family and the unexpected challenges that change everything.
s00925,Movie,Rise of the Phoenix 189,Sarah Williams,Various Artists,United Kingdom,"June 12, 2015",2020,NR,110 min,Sci-Fi and Fantasy,A movie about friendship and the unexpected challenges that change everything.
s00926,Movie,Lost in the Stars 95,Anil Verma,Sophia Martin,India,"September 24, 2018",2010,G,101 min,Sports Movies,A movie about mystery and the unexpected challenges that change everything.
s00927,Movie,Future World 187,Chris Taylor,Sarah Lee,Australia,"October 15, 2015",2009,G,101 min,Anime Series,A movie about adventure and the unexpected challenges that change everything.
s00928,Movie,Dream Catcher 130,John Carter,Sophia Martin,Italy,"March 7, 2018",1991,PG,90 min,Dramas,A movie about justice and the unexpected challenges that change everything.
s00929,Movie,Future World 273,Sarah Williams,David Wilson,Germany,"June 21, 2021",2021,TV-14,82 min,Thrillers,A movie about ambition and the unexpected challenges that change everything.
s00930,Movie,Dark Secrets 16,Sarah Williams,Priya Shah,India,"May 24, 2015",2003,PG,95 min,Crime TV Shows,A movie about adventure and the unexpected challenges that change everything.
s00931,Movie,The Last Warrior 245,James Anderson,Emily Stone,Canada,"October 6, 2021",2020,G,135 min,Children and Family Movies,A movie about mystery and the unexpected challenges that change everything.
s00932,TV Show,Winter Nights 4,James Anderson,Riya Kapoor,Germany,"December 16, 2020",1996,G,4 Seasons,Children and Family Movies,A tv show about love and the unexpected challenges that change everything.
s00933,TV Show,Winter Nights 95,Chris Taylor,Emily Stone,India,"December 4, 2018",2006,PG-13,4 Seasons,Music and Musicals,A tv show about adventure and the unexpected challenges that change everything.
s00934,Movie,Mystery House 47,Michael Brown,Raj Kumar,India,"October 3, 2018",2017,TV-MA,82 min,Music and Musicals,A movie about friendship and the unexpected challenges that change everything.
s00935,Movie,City of Dreams 106,James Anderson,Vikram Singh,Italy,"April 19, 2018",1996,PG,90 min,Sci-Fi and Fantasy,A movie about family and the unexpected challenges that change everything.
s00936,Movie,Winter Nights 106,John Carter,Various Artists,Brazil,"November 10, 2018",2013,NR,135 min,Horror Movies,A movie about mystery and the unexpected challenges that change everything.
s00937,Movie,Future World 19,Arjun Patel,Sophia Martin,Australia,"February 5, 2018",2015,PG-13,150 min,Crime TV Shows,A movie about friendship and the unexpected challenges that change everything.
s00938,TV Show,Winter Nights 171,Aarav Sharma,Emma Clark,India,"March 28, 2017",2000,G,4 Seasons,Crime TV Shows,A tv show about ambition and the unexpected challenges that change everything.
s00939,Movie,Rise of the Phoenix 195,Chris Taylor,Ananya Singh,United States,"December 15, 2021",2001,TV-PG,150 min,Sci-Fi and Fantasy,A movie about love and the unexpected challenges that change everything.
s00940,Movie,The Great Escape 283,Neha Singh,Amit Verma,Japan,"July 14, 2015",2006,G,135 min,International Movies,A movie about justice and the unexpected challenges that change everything.
s00941,Movie,Future World 144,Riya Sharma,Rahul Sharma,Spain,"February 7, 2021",1991,NR,135 min,Romantic Movies,A movie about friendship and the unexpected challenges that change everything.
s00942,Movie,Dark Secrets 84,Emma Johnson,Sophia Martin,Spain,"September 8, 2020",1995,G,110 min,Sci-Fi and Fantasy,A movie about survival and the unexpected challenges that change everything.
s00943,Movie,Midnight in Mumbai 266,Raj Mehta,Neha Patel,United States,"January 24, 2018",2017,TV-PG,110 min,International TV Shows,A movie about friendship and the unexpected challenges that change everything.
s00944,TV Show,Winter Nights 296,Anil Verma,David Wilson,India,"October 25, 2015",1990,G,3 Seasons,International TV Shows,A tv show about ambition and the unexpected challenges that change everything.
s00945,Movie,Beyond the Horizon 42,Aarav Sharma,Sarah Lee,Canada,"April 24, 2017",2004,R,101 min,Action and Adventure,A movie about family and the unexpected challenges that change everything.
s00946,Movie,Dream Catcher 246,Robert Davis,Emily Stone,South Korea,"February 25, 2016",2005,TV-PG,75 min,Crime TV Shows,A movie about friendship and the unexpected challenges that change everything.
s00947,Movie,Rise of the Phoenix 22,Neha Singh,Neha Patel,Australia,"June 14, 2018",2014,G,101 min,Dramas,A movie about justice and the unexpected challenges that change everything.
s00948,TV Show,Broken Hearts 242,Raj Mehta,Arjun Mehta,France,"April 12, 2016",2000,G,3 Seasons,International Movies,A tv show about justice and the unexpected challenges that change everything.
s00949,TV Show,The Last Kingdom 41,Priya Kapoor,Arjun Mehta,Germany,"July 30, 2018",2005,PG,2 Seasons,Sci-Fi and Fantasy,A tv show about survival and the unexpected challenges that change everything.
s00950,Movie,Love in Paris 160,Priya Kapoor,Sophia Martin,Italy,"January 18, 2021",2015,TV-14,150 min,Horror Movies,A movie about mystery and the unexpected challenges that change everything.
s00951,Movie,A New Beginning 73,Aarav Sharma,Olivia James,Spain,"August 21, 2020",2001,G,95 min,Action and Adventure,A movie about family and the unexpected challenges that change everything.
s00952,Movie,Broken Hearts 201,Anil Verma,Michael Brown,India,"February 25, 2020",1999,NR,120 min,Horror Movies,A movie about survival and the unexpected challenges that change everything.
s00953,Movie,The Lost Treasure 226,John Carter,Olivia James,Australia,"March 2, 2020",2005,PG-13,120 min,Crime TV Shows,A movie about adventure and the unexpected challenges that change everything.
s00954,TV Show,Love in Paris 39,James Anderson,Michael Brown,Spain,"February 26, 2017",2017,NR,6 Seasons,Romantic Movies,A tv show about friendship and the unexpected challenges that change everything.
s00955,Movie,Mystery House 124,Karan Malhotra,Priya Shah,Spain,"July 31, 2016",1993,NR,95 min,Sports Movies,A movie about mystery and the unexpected challenges that change everything.
s00956,Movie,Edge of Tomorrow 159,Riya Sharma,Vikram Singh,Singapore,"July 30, 2020",2014,G,75 min,Horror Movies,A movie about survival and the unexpected challenges that change everything.
s00957,Movie,Rise of the Phoenix 194,Michael Brown,Sarah Lee,United Kingdom,"January 6, 2018",2018,PG-13,120 min,Anime Series,A movie about survival and the unexpected challenges that change everything.
s00958,Movie,Dream Catcher 12,John Carter,Daniel Kim,Singapore,"June 10, 2016",1994,G,101 min,Sci-Fi and Fantasy,A movie about love and the unexpected challenges that change everything.
s00959,Movie,A New Beginning 280,Daniel Lee,David Wilson,Canada,"December 12, 2020",2010,TV-14,90 min,Horror Movies,A movie about friendship and the unexpected challenges that change everything.
s00960,TV Show,Ocean of Fire 146,Robert Davis,Chris Taylor,Germany,"March 7, 2020",2013,G,4 Seasons,Comedies,A tv show about adventure and the unexpected challenges that change everything.
s00961,Movie,City of Dreams 128,Emma Johnson,Amit Verma,United States,"November 4, 2016",2015,PG-13,101 min,Romantic Movies,A movie about friendship and the unexpected challenges that change everything.
s00962,Movie,The Golden Road 150,Arjun Patel,Raj Kumar,United States,"November 28, 2015",2013,TV-14,110 min,Sci-Fi and Fantasy,A movie about family and the unexpected challenges that change everything.
s00963,Movie,The Secret Island 36,Neha Singh,Riya Kapoor,Italy,"January 17, 2019",2002,TV-14,120 min,Thrillers,A movie about adventure and the unexpected challenges that change everything.
s00964,Movie,The Last Kingdom 22,Karan Malhotra,Emily Stone,Australia,"December 14, 2018",2003,PG-13,135 min,Action and Adventure,A movie about adventure and the unexpected challenges that change everything.
s00965,Movie,The Last Warrior 217,Sarah Williams,Arjun Mehta,South Korea,"October 11, 2018",2021,G,95 min,Anime Series,A movie about adventure and the unexpected challenges that change everything.
s00966,Movie,Shadow of the Past 148,Sarah Williams,Priya Shah,Canada,"June 13, 2015",2007,PG-13,135 min,Anime Series,A movie about mystery and the unexpected challenges that change everything.
s00967,Movie,Dream Catcher 195,Aarav Sharma,Sophia Martin,Australia,"May 30, 2021",2012,PG,82 min,Crime TV Shows,A movie about ambition and the unexpected challenges that change everything.
s00968,Movie,The Great Escape 123,Daniel Lee,Michael Brown,Brazil,"April 24, 2016",2005,TV-PG,110 min,Music and Musicals,A movie about survival and the unexpected challenges that change everything.
s00969,Movie,Dangerous Game 149,Robert Davis,Raj Kumar,Italy,"August 22, 2017",1997,TV-MA,75 min,Documentaries,A movie about mystery and the unexpected challenges that change everything.
s00970,Movie,Into the Wild 231,James Anderson,Olivia James,Italy,"November 14, 2019",2020,PG,82 min,Documentaries,A movie about justice and the unexpected challenges that change everything.
s00971,Movie,Dark Secrets 87,Raj Mehta,David Wilson,Japan,"December 10, 2016",2003,PG-13,82 min,Documentaries,A movie about mystery and the unexpected challenges that change everything.
s00972,TV Show,The Final Mission 199,David Wilson,Chris Taylor,Italy,"June 22, 2021",2003,PG,8 Seasons,Anime Series,A tv show about friendship and the unexpected challenges that change everything.
s00973,TV Show,A New Beginning 15,John Carter,Sophia Martin,Germany,"December 29, 2019",2001,G,8 Seasons,Crime TV Shows,A tv show about ambition and the unexpected challenges that change everything.
s00974,Movie,The Secret Island 44,Sarah Williams,Priya Shah,Mexico,"November 11, 2016",1991,PG-13,150 min,Action and Adventure,A movie about survival and the unexpected challenges that change everything.
s00975,Movie,Love in Paris 283,Riya Sharma,Arjun Mehta,Germany,"November 26, 2020",2009,TV-MA,75 min,Romantic Movies,A movie about justice and the unexpected challenges that change everything.
s00976,Movie,The Lost Treasure 256,Michael Brown,Raj Kumar,France,"September 7, 2016",2016,R,101 min,Crime TV Shows,A movie about family and the unexpected challenges that change everything.
s00977,Movie,The Last Kingdom 43,David Wilson,Sarah Lee,Australia,"March 3, 2021",1990,TV-PG,120 min,Crime TV Shows,A movie about justice and the unexpected challenges that change everything.
s00978,Movie,The Great Escape 287,Michael Brown,Michael Brown,United Kingdom,"June 22, 2018",1992,PG,101 min,Horror Movies,A movie about family and the unexpected challenges that change everything.
s00979,Movie,Love in Paris 83,Sofia Martin,Priya Shah,France,"February 23, 2017",2003,G,95 min,Dramas,A movie about friendship and the unexpected challenges that change everything.
s00980,Movie,Edge of Tomorrow 288,Riya Sharma,Vikram Singh,Italy,"February 15, 2021",1997,R,82 min,Sports Movies,A movie about adventure and the unexpected challenges that change everything.
s00981,Movie,A New Beginning 212,David Wilson,Ananya Singh,France,"April 17, 2021",1992,G,101 min,Thrillers,A movie about family and the unexpected challenges that change everything.
s00982,TV Show,Beyond the Horizon 201,David Wilson,Neha Patel,India,"July 27, 2019",2018,TV-MA,6 Seasons,Anime Series,A tv show about justice and the unexpected challenges that change everything.
s00983,Movie,Dangerous Game 95,Arjun Patel,Emily Stone,Canada,"November 22, 2015",2011,R,95 min,Children and Family Movies,A movie about mystery and the unexpected challenges that change everything.
s00984,Movie,The Golden Road 219,Arjun Patel,David Wilson,United Kingdom,"June 8, 2020",2014,G,95 min,Horror Movies,A movie about mystery and the unexpected challenges that change everything.
s00985,TV Show,The Golden Road 247,Priya Kapoor,Emma Clark,United Kingdom,"October 20, 2020",1990,G,8 Seasons,Thrillers,A tv show about friendship and the unexpected challenges that change everything.
s00986,Movie,Hidden Truth 96,Emma Johnson,Sarah Lee,Spain,"February 22, 2020",2000,NR,95 min,International TV Shows,A movie about justice and the unexpected challenges that change everything.
s00987,Movie,Lost in the Stars 54,Raj Mehta,Sophia Martin,United Kingdom,"May 12, 2020",2013,PG,120 min,Horror Movies,A movie about ambition and the unexpected challenges that change everything.
s00988,Movie,Desert Storm 218,Neha Singh,Vikram Singh,Japan,"October 2, 2020",2005,TV-14,82 min,Comedies,A movie about friendship and the unexpected challenges that change everything.
s00989,Movie,The Forgotten Path 193,Daniel Lee,Sophia Martin,South Korea,"May 1, 2019",2020,TV-MA,75 min,Children and Family Movies,A movie about ambition and the unexpected challenges that change everything.
s00990,TV Show,Hidden Truth 111,James Anderson,Riya Kapoor,United Kingdom,"October 6, 2020",1990,TV-MA,5 Seasons,Romantic Movies,A tv show about mystery and the unexpected challenges that change everything.
s00991,TV Show,City of Dreams 194,Karan Malhotra,Sophia Martin,South Korea,"February 16, 2020",2018,NR,2 Seasons,Action and Adventure,A tv show about survival and the unexpected challenges that change everything.
s00992,Movie,Desert Storm 8,Karan Malhotra,Emma Clark,United Kingdom,"May 1, 2017",2018,PG-13,82 min,Crime TV Shows,A movie about friendship and the unexpected challenges that change everything.
s00993,Movie,Shadow of the Past 161,Arjun Patel,Michael Brown,Mexico,"February 9, 2018",1992,PG,120 min,Sci-Fi and Fantasy,A movie about mystery and the unexpected challenges that change everything.
s00994,Movie,The Last Warrior 163,Emma Johnson,Various Artists,South Korea,"February 13, 2021",1994,G,90 min,Crime TV Shows,A movie about justice and the unexpected challenges that change everything.
s00995,Movie,Winter Nights 204,Michael Brown,Rahul Sharma,Singapore,"February 7, 2019",2009,NR,75 min,Horror Movies,A movie about love and the unexpected challenges that change everything.
s00996,Movie,Midnight in Mumbai 276,Daniel Lee,Priya Shah,United States,"July 3, 2019",1998,NR,101 min,Romantic Movies,A movie about justice and the unexpected challenges that change everything.
s00997,TV Show,Love in Paris 260,Sarah Williams,Sophia Martin,United States,"August 30, 2019",2008,NR,3 Seasons,Music and Musicals,A tv show about justice and the unexpected challenges that change everything.
s00998,Movie,The Great Escape 141,Sarah Williams,Amit Verma,India,"June 20, 2015",2002,PG,82 min,Horror Movies,A movie about mystery and the unexpected challenges that change everything.
s00999,TV Show,City of Dreams 86,David Wilson,Various Artists,Singapore,"February 13, 2021",2017,PG-13,5 Seasons,Horror Movies,A tv show about friendship and the unexpected challenges that change everything.
s01000,Movie,Code Zero 111,David Wilson,Emma Clark,India,"September 30, 2020",2010,R,135 min,International Movies,A movie about survival and the unexpected challenges that change everything.
s01001,Movie,The Silent Witness 211,Robert Davis,Emily Stone,France,"December 2, 2017",1997,PG,82 min,Crime TV Shows,A movie about love and the unexpected challenges that change everything.
s01002,Movie,The Silent Witness 200,John Carter,Chris Taylor,Singapore,"July 28, 2020",1999,NR,135 min,Children and Family Movies,A movie about friendship and the unexpected challenges that change everything.
s01003,TV Show,The Forgotten Path 240,Aarav Sharma,Vikram Singh,Germany,"May 7, 2017",2008,PG,6 Seasons,Thrillers,A tv show about adventure and the unexpected challenges that change everything.
s01004,TV Show,Dream Catcher 299,Aarav Sharma,Olivia James,South Korea,"November 15, 2017",2002,TV-MA,6 Seasons,Action and Adventure,A tv show about ambition and the unexpected challenges that change everything.
s01005,TV Show,Lost in the Stars 137,James Anderson,Michael Brown,United Kingdom,"July 12, 2017",2009,R,8 Seasons,Stand-Up Comedy,A tv show about family and the unexpected challenges that change everything.
s01006,Movie,The Silent Witness 211,Priya Kapoor,Priya Shah,France,"October 23, 2021",2005,G,101 min,Thrillers,A movie about family and the unexpected challenges that change everything.
s01007,Movie,Hidden Truth 268,Arjun Patel,Emma Clark,Mexico,"April 24, 2019",2004,PG-13,90 min,International TV Shows,A movie about family and the unexpected challenges that change everything.
s01008,TV Show,Dangerous Game 267,Sofia Martin,Various Artists,Canada,"October 22, 2021",2015,NR,4 Seasons,Stand-Up Comedy,A tv show about justice and the unexpected challenges that change everything.
s01009,Movie,A New Beginning 11,Neha Singh,John Smith,Brazil,"December 1, 2017",1995,G,110 min,Romantic Movies,A movie about ambition and the unexpected challenges that change everything.
s01010,Movie,Mystery House 275,Neha Singh,John Smith,United States,"March 2, 2016",2021,PG,135 min,Documentaries,A movie about love and the unexpected challenges that change everything.
s01011,Movie,Edge of Tomorrow 230,Arjun Patel,Various Artists,Italy,"July 30, 2017",2006,TV-14,101 min,Sports Movies,A movie about ambition and the unexpected challenges that change everything.
s01012,TV Show,Lost in the Stars 65,Arjun Patel,Olivia James,United Kingdom,"May 28, 2018",1992,TV-PG,6 Seasons,Sci-Fi and Fantasy,A tv show about adventure and the unexpected challenges that change everything.
s01013,TV Show,Code Zero 52,Neha Singh,Olivia James,Spain,"June 9, 2018",2011,TV-MA,5 Seasons,Action and Adventure,A tv show about friendship and the unexpected challenges that change everything.
s01014,Movie,Code Zero 263,Sarah Williams,Various Artists,France,"May 20, 2020",2000,G,82 min,Sports Movies,A movie about mystery and the unexpected challenges that change everything.
s01015,Movie,Beyond the Horizon 154,Emma Johnson,Neha Patel,India,"August 3, 2021",1995,TV-MA,82 min,Sports Movies,A movie about love and the unexpected challenges that change everything.
s01016,TV Show,The Lost Treasure 140,David Wilson,David Wilson,United States,"March 16, 2020",2000,TV-14,4 Seasons,Sci-Fi and Fantasy,A tv show about survival and the unexpected challenges that change everything.
s01017,Movie,Broken Hearts 46,Chris Taylor,Chris Taylor,Spain,"July 11, 2019",2010,PG-13,110 min,Romantic Movies,A movie about adventure and the unexpected challenges that change everything.
s01018,Movie,City of Dreams 208,John Carter,Vikram Singh,Japan,"August 22, 2016",2014,TV-14,120 min,Dramas,A movie about friendship and the unexpected challenges that change everything.
s01019,TV Show,Dark Secrets 89,Sarah Williams,Raj Kumar,United Kingdom,"July 16, 2018",2018,NR,4 Seasons,Stand-Up Comedy,A tv show about justice and the unexpected challenges that change everything.
s01020,Movie,Hidden Truth 54,Sofia Martin,David Wilson,Brazil,"April 28, 2015",2014,PG-13,82 min,Thrillers,A movie about love and the unexpected challenges that change everything.
s01021,Movie,The Silent Witness 118,Priya Kapoor,Emily Stone,Singapore,"December 3, 2020",1993,TV-MA,95 min,Dramas,A movie about adventure and the unexpected challenges that change everything.
s01022,Movie,The Great Escape 7,Michael Brown,Sarah Lee,France,"January 3, 2018",2003,R,82 min,Sci-Fi and Fantasy,A movie about justice and the unexpected challenges that change everything.
s01023,TV Show,Shadow of the Past 11,Arjun Patel,Emma Clark,United States,"July 16, 2019",2017,TV-14,2 Seasons,Thrillers,A tv show about justice and the unexpected challenges that change everything.
s01024,TV Show,The Great Escape 215,Arjun Patel,Raj Kumar,Singapore,"January 1, 2019",2002,NR,5 Seasons,Documentaries,A tv show about adventure and the unexpected challenges that change everything.
s01025,TV Show,Hidden Truth 28,James Anderson,Ananya Singh,South Korea,"March 1, 2017",2000,TV-MA,1 Season,Anime Series,A tv show about ambition and the unexpected challenges that change everything.
s01026,Movie,Dream Catcher 26,Arjun Patel,Neha Patel,Spain,"August 11, 2021",2014,PG-13,75 min,Music and Musicals,A movie about ambition and the unexpected challenges that change everything.
s01027,TV Show,The Great Escape 29,Karan Malhotra,Neha Patel,Mexico,"December 13, 2017",2008,NR,2 Seasons,Comedies,A tv show about friendship and the unexpected challenges that change everything.
s01028,TV Show,Love in Paris 35,Anil Verma,Rahul Sharma,India,"July 9, 2021",2019,PG-13,6 Seasons,Anime Series,A tv show about justice and the unexpected challenges that change everything.
s01029,Movie,The Last Kingdom 273,Arjun Patel,Vikram Singh,Italy,"December 14, 2015",1992,PG,135 min,Anime Series,A movie about friendship and the unexpected challenges that change everything.
s01030,TV Show,City of Dreams 238,Robert Davis,Daniel Kim,Germany,"December 20, 2016",2019,PG,4 Seasons,Documentaries,A tv show about adventure and the unexpected challenges that change everything.
s01031,Movie,Broken Hearts 93,Anil Verma,Vikram Singh,Singapore,"December 22, 2021",2002,NR,90 min,Sci-Fi and Fantasy,A movie about ambition and the unexpected challenges that change everything.
s01032,Movie,Love in Paris 110,Sofia Martin,Sophia Martin,Brazil,"October 27, 2020",2013,TV-PG,95 min,Sci-Fi and Fantasy,A movie about family and the unexpected challenges that change everything.
s01033,Movie,Future World 106,Arjun Patel,Amit Verma,United Kingdom,"August 4, 2017",2016,R,90 min,Music and Musicals,A movie about family and the unexpected challenges that change everything.
s01034,Movie,The Lost Treasure 181,Neha Singh,Sophia Martin,Japan,"May 2, 2019",2021,R,95 min,Comedies,A movie about friendship and the unexpected challenges that change everything.
s01035,Movie,Beyond the Horizon 87,Emma Johnson,Riya Kapoor,Italy,"September 1, 2015",2014,TV-PG,90 min,Comedies,A movie about family and the unexpected challenges that change everything.
s01036,Movie,The Forgotten Path 210,Neha Singh,Emily Stone,Spain,"February 16, 2020",2006,R,82 min,Documentaries,A movie about justice and the unexpected challenges that change everything.
s01037,Movie,A New Beginning 138,Anil Verma,Riya Kapoor,Brazil,"April 7, 2018",2014,TV-MA,150 min,Children and Family Movies,A movie about love and the unexpected challenges that change everything.
s01038,TV Show,Dream Catcher 230,Karan Malhotra,Vikram Singh,Italy,"January 26, 2016",2016,TV-14,6 Seasons,Comedies,A tv show about justice and the unexpected challenges that change everything.
s01039,Movie,The Lost Treasure 161,Chris Taylor,Emily Stone,India,"March 30, 2017",1990,TV-14,150 min,Comedies,A movie about family and the unexpected challenges that change everything.
s01040,Movie,City of Dreams 188,Sarah Williams,Daniel Kim,South Korea,"November 7, 2019",1991,TV-PG,101 min,Sports Movies,A movie about justice and the unexpected challenges that change everything.
s01041,Movie,The Golden Road 132,Sarah Williams,Amit Verma,Italy,"March 20, 2019",2000,PG,110 min,Thrillers,A movie about family and the unexpected challenges that change everything.
s01042,TV Show,Dream Catcher 218,Priya Kapoor,Chris Taylor,France,"May 16, 2016",1993,TV-MA,2 Seasons,Music and Musicals,A tv show about survival and the unexpected challenges that change everything.
s01043,Movie,Hidden Truth 178,Karan Malhotra,Priya Shah,India,"October 19, 2020",1998,PG-13,110 min,Anime Series,A movie about survival and the unexpected challenges that change everything.
s01044,Movie,Mystery House 291,Daniel Lee,Amit Verma,Brazil,"February 14, 2021",1997,G,95 min,Thrillers,A movie about ambition and the unexpected challenges that change everything.
s01045,TV Show,Love in Paris 292,Neha Singh,Chris Taylor,Singapore,"July 8, 2017",2007,PG,1 Season,Sports Movies,A tv show about love and the unexpected challenges that change everything.
s01046,Movie,Winter Nights 123,Raj Mehta,Various Artists,India,"January 25, 2017",2000,TV-14,110 min,Crime TV Shows,A movie about ambition and the unexpected challenges that change everything.
s01047,Movie,Winter Nights 32,David Wilson,Emma Clark,United States,"July 30, 2018",2003,G,75 min,Thrillers,A movie about friendship and the unexpected challenges that change everything.
s01048,Movie,Mystery House 146,Karan Malhotra,Olivia James,France,"January 12, 2016",2017,G,150 min,Sci-Fi and Fantasy,A movie about survival and the unexpected challenges that change everything.
s01049,TV Show,Edge of Tomorrow 16,Sofia Martin,Raj Kumar,Singapore,"May 22, 2016",1992,PG-13,5 Seasons,Thrillers,A tv show about ambition and the unexpected challenges that change everything.
s01050,Movie,Rise of the Phoenix 251,Priya Kapoor,Rahul Sharma,Spain,"July 12, 2016",2016,NR,110 min,Stand-Up Comedy,A movie about adventure and the unexpected challenges that change everything.
s01051,TV Show,The Secret Island 17,Robert Davis,John Smith,United States,"April 26, 2021",1996,PG,4 Seasons,Thrillers,A tv show about mystery and the unexpected challenges that change everything.
s01052,Movie,The Final Mission 39,John Carter,Various Artists,Australia,"October 31, 2015",1998,PG-13,150 min,Crime TV Shows,A movie about love and the unexpected challenges that change everything.
s01053,TV Show,The Silent Witness 203,Raj Mehta,Rahul Sharma,Spain,"July 25, 2018",1991,PG-13,2 Seasons,Sci-Fi and Fantasy,A tv show about ambition and the unexpected challenges that change everything.
s01054,TV Show,Code Zero 268,Sarah Williams,Ananya Singh,Singapore,"November 25, 2020",2019,PG,3 Seasons,International TV Shows,A tv show about family and the unexpected challenges that change everything.
s01055,TV Show,Midnight in Mumbai 18,Sarah Williams,Chris Taylor,Japan,"January 2, 2020",2015,TV-MA,4 Seasons,Crime TV Shows,A tv show about adventure and the unexpected challenges that change everything.
s01056,Movie,The Lost Treasure 255,Riya Sharma,Vikram Singh,Canada,"November 23, 2016",1996,PG,101 min,Sci-Fi and Fantasy,A movie about love and the unexpected challenges that change everything.
s01057,TV Show,Desert Storm 257,James Anderson,Various Artists,Mexico,"April 19, 2021",2020,R,1 Season,Crime TV Shows,A tv show about adventure and the unexpected challenges that change everything.
s01058,Movie,Dangerous Game 87,Sofia Martin,Chris Taylor,India,"March 17, 2016",2015,TV-PG,120 min,Anime Series,A movie about family and the unexpected challenges that change everything.
s01059,Movie,Lost in the Stars 70,Aarav Sharma,Emma Clark,United Kingdom,"September 3, 2021",2001,NR,95 min,Sports Movies,A movie about family and the unexpected challenges that change everything.
s01060,Movie,Beyond the Horizon 152,Karan Malhotra,David Wilson,Spain,"October 2, 2019",2011,G,101 min,Music and Musicals,A movie about ambition and the unexpected challenges that change everything.
s01061,TV Show,Rise of the Phoenix 101,Arjun Patel,Emma Clark,Singapore,"January 19, 2015",2007,TV-PG,2 Seasons,Thrillers,A tv show about justice and the unexpected challenges that change everything.
s01062,TV Show,Desert Storm 30,Chris Taylor,Amit Verma,Mexico,"October 12, 2018",2014,TV-14,6 Seasons,Horror Movies,A tv show about justice and the unexpected challenges that change everything.
s01063,TV Show,The Great Escape 229,Aarav Sharma,Priya Shah,Australia,"September 11, 2020",2001,PG,1 Season,Anime Series,A tv show about family and the unexpected challenges that change everything.
s01064,Movie,The Last Kingdom 155,Sofia Martin,Neha Patel,Japan,"May 11, 2017",1996,TV-MA,150 min,Thrillers,A movie about family and the unexpected challenges that change everything.
s01065,Movie,Beyond the Horizon 246,Robert Davis,Riya Kapoor,Japan,"June 23, 2017",2010,PG-13,135 min,Dramas,A movie about love and the unexpected challenges that change everything.
s01066,TV Show,Shadow of the Past 247,Neha Singh,Ananya Singh,Japan,"April 23, 2017",2018,PG-13,2 Seasons,Romantic Movies,A tv show about justice and the unexpected challenges that change everything.
s01067,Movie,The Silent Witness 235,Sarah Williams,Rahul Sharma,South Korea,"March 30, 2018",2019,TV-14,75 min,Anime Series,A movie about justice and the unexpected challenges that change everything.
s01068,Movie,Broken Hearts 258,Robert Davis,Neha Patel,Germany,"September 28, 2015",2009,PG,120 min,Music and Musicals,A movie about love and the unexpected challenges that change everything.
s01069,Movie,Winter Nights 172,Michael Brown,Various Artists,Italy,"February 19, 2019",2011,NR,135 min,Sports Movies,A movie about love and the unexpected challenges that change everything.
s01070,Movie,Dream Catcher 259,Anil Verma,John Smith,Brazil,"October 1, 2015",1996,G,120 min,Documentaries,A movie about ambition and the unexpected challenges that change everything.
s01071,Movie,The Forgotten Path 210,Riya Sharma,Ananya Singh,Italy,"September 3, 2019",2001,NR,101 min,Action and Adventure,A movie about love and the unexpected challenges that change everything.
s01072,Movie,Desert Storm 186,Raj Mehta,Neha Patel,Italy,"February 26, 2016",1990,PG-13,150 min,International Movies,A movie about family and the unexpected challenges that change everything.
s01073,Movie,The Final Mission 95,Riya Sharma,Neha Patel,Brazil,"August 8, 2021",2015,TV-MA,150 min,Horror Movies,A movie about justice and the unexpected challenges that change everything.
s01074,Movie,Code Zero 210,Raj Mehta,Emily Stone,Italy,"August 2, 2016",1993,TV-PG,75 min,Children and Family Movies,A movie about adventure and the unexpected challenges that change everything.
s01075,TV Show,Ocean of Fire 98,Chris Taylor,John Smith,Brazil,"May 30, 2017",2018,PG,4 Seasons,Comedies,A tv show about justice and the unexpected challenges that change everything.
s01076,Movie,Dream Catcher 22,Raj Mehta,Arjun Mehta,France,"June 30, 2020",1991,TV-PG,120 min,Dramas,A movie about survival and the unexpected challenges that change everything.
s01077,Movie,Dark Secrets 134,Emma Johnson,John Smith,India,"January 18, 2016",1999,TV-14,150 min,Romantic Movies,A movie about mystery and the unexpected challenges that change everything.
s01078,Movie,Shadow of the Past 185,David Wilson,Michael Brown,Brazil,"December 25, 2021",2010,TV-14,90 min,Sci-Fi and Fantasy,A movie about ambition and the unexpected challenges that change everything.
s01079,Movie,Future World 251,David Wilson,Ananya Singh,Spain,"May 10, 2019",2005,PG,90 min,Dramas,A movie about friendship and the unexpected challenges that change everything.
s01080,TV Show,Hidden Truth 167,James Anderson,Emily Stone,South Korea,"March 1, 2020",2017,TV-PG,4 Seasons,Crime TV Shows,A tv show about mystery and the unexpected challenges that change everything.
s01081,TV Show,Dark Secrets 220,Sarah Williams,Ananya Singh,Canada,"August 12, 2015",2008,R,8 Seasons,Documentaries,A tv show about justice and the unexpected challenges that change everything.
s01082,Movie,Code Zero 265,Karan Malhotra,David Wilson,India,"July 13, 2019",2015,PG-13,75 min,Crime TV Shows,A movie about justice and the unexpected challenges that change everything.
s01083,Movie,Into the Wild 150,Neha Singh,John Smith,Germany,"March 4, 2016",2021,TV-MA,120 min,Documentaries,A movie about friendship and the unexpected challenges that change everything.
s01084,TV Show,A New Beginning 42,Riya Sharma,Neha Patel,Italy,"February 22, 2021",2010,TV-14,2 Seasons,Thrillers,A tv show about mystery and the unexpected challenges that change everything.
s01085,TV Show,Broken Hearts 251,Neha Singh,Chris Taylor,India,"April 24, 2016",1996,R,8 Seasons,Thrillers,A tv show about survival and the unexpected challenges that change everything.
s01086,Movie,Into the Wild 271,David Wilson,Sarah Lee,Australia,"June 8, 2017",1996,G,150 min,Sports Movies,A movie about friendship and the unexpected challenges that change everything.
s01087,Movie,The Silent Witness 123,Chris Taylor,Vikram Singh,Japan,"July 13, 2017",2004,TV-PG,75 min,Comedies,A movie about justice and the unexpected challenges that change everything.
s01088,Movie,A New Beginning 266,Emma Johnson,David Wilson,South Korea,"November 11, 2018",2017,R,150 min,Sci-Fi and Fantasy,A movie about friendship and the unexpected challenges that change everything.
s01089,TV Show,City of Dreams 35,Riya Sharma,Neha Patel,India,"January 29, 2015",1995,PG-13,1 Season,Stand-Up Comedy,A tv show about family and the unexpected challenges that change everything.
s01090,Movie,Dangerous Game 111,Michael Brown,Rahul Sharma,Japan,"November 20, 2018",1995,G,95 min,Crime TV Shows,A movie about survival and the unexpected challenges that change everything.
s01091,TV Show,Mystery House 147,Emma Johnson,Chris Taylor,Japan,"August 11, 2016",1992,R,6 Seasons,Crime TV Shows,A tv show about survival and the unexpected challenges that change everything.
s01092,Movie,The Final Mission 8,Chris Taylor,Vikram Singh,South Korea,"June 22, 2017",2012,TV-MA,90 min,Dramas,A movie about justice and the unexpected challenges that change everything.
s01093,Movie,The Silent Witness 175,Raj Mehta,Priya Shah,France,"December 9, 2020",1993,NR,120 min,Action and Adventure,A movie about family and the unexpected challenges that change everything.
s01094,Movie,Into the Wild 85,Raj Mehta,Chris Taylor,Italy,"September 11, 2019",1992,TV-14,110 min,Stand-Up Comedy,A movie about survival and the unexpected challenges that change everything.
s01095,Movie,Dark Secrets 136,David Wilson,Raj Kumar,India,"July 10, 2016",2012,NR,110 min,Horror Movies,A movie about justice and the unexpected challenges that change everything.
s01096,Movie,The Silent Witness 195,Daniel Lee,Raj Kumar,Brazil,"September 18, 2018",2005,PG-13,110 min,Horror Movies,A movie about family and the unexpected challenges that change everything.
s01097,Movie,Dangerous Game 15,Robert Davis,Sarah Lee,Canada,"August 18, 2020",1996,NR,110 min,Comedies,A movie about mystery and the unexpected challenges that change everything.
s01098,Movie,The Great Escape 226,Priya Kapoor,Raj Kumar,Canada,"June 26, 2019",1998,G,82 min,Children and Family Movies,A movie about justice and the unexpected challenges that change everything.
s01099,TV Show,City of Dreams 113,Riya Sharma,Daniel Kim,Italy,"December 19, 2019",1994,TV-PG,1 Season,Thrillers,A tv show about family and the unexpected challenges that change everything.
s01100,Movie,Shadow of the Past 1,Emma Johnson,Neha Patel,Singapore,"December 22, 2018",1999,R,150 min,Children and Family Movies,A movie about adventure and the unexpected challenges that change everything.
s01101,Movie,Dream Catcher 208,Raj Mehta,Rahul Sharma,Spain,"February 23, 2019",2003,PG-13,150 min,Sports Movies,A movie about friendship and the unexpected challenges that change everything.
s01102,TV Show,Love in Paris 12,Aarav Sharma,Arjun Mehta,France,"October 2, 2019",2014,G,3 Seasons,International Movies,A tv show about justice and the unexpected challenges that change everything.
s01103,TV Show,The Great Escape 154,Sofia Martin,Various Artists,Brazil,"September 20, 2019",2003,TV-MA,6 Seasons,Documentaries,A tv show about friendship and the unexpected challenges that change everything.
s01104,TV Show,A New Beginning 279,Neha Singh,Rahul Sharma,Germany,"October 23, 2018",2000,PG,1 Season,Stand-Up Comedy,A tv show about adventure and the unexpected challenges that change everything.
s01105,TV Show,The Forgotten Path 25,John Carter,Neha Patel,Brazil,"May 14, 2015",2007,TV-MA,6 Seasons,Documentaries,A tv show about ambition and the unexpected challenges that change everything.
s01106,Movie,Lost in the Stars 43,Daniel Lee,Daniel Kim,United Kingdom,"March 10, 2018",2003,PG,101 min,Action and Adventure,A movie about family and the unexpected challenges that change everything.
s01107,Movie,The Silent Witness 146,Arjun Patel,Emma Clark,Brazil,"December 25, 2019",2016,TV-MA,110 min,Children and Family Movies,A movie about adventure and the unexpected challenges that change everything.
s01108,TV Show,The Last Kingdom 92,Arjun Patel,Sarah Lee,South Korea,"September 4, 2018",2008,TV-MA,8 Seasons,Crime TV Shows,A tv show about adventure and the unexpected challenges that change everything.
s01109,Movie,Lost in the Stars 155,Chris Taylor,Emily Stone,Italy,"December 15, 2017",2021,NR,82 min,Action and Adventure,A movie about friendship and the unexpected challenges that change everything.
s01110,Movie,Edge of Tomorrow 137,Aarav Sharma,David Wilson,South Korea,"April 21, 2015",1997,TV-14,90 min,Comedies,A movie about justice and the unexpected challenges that change everything.
s01111,TV Show,Midnight in Mumbai 220,Robert Davis,Vikram Singh,Italy,"April 12, 2016",1990,G,1 Season,International Movies,A tv show about friendship and the unexpected challenges that change everything.
s01112,Movie,Into the Wild 249,Aarav Sharma,Olivia James,Singapore,"March 24, 2017",1991,G,120 min,International Movies,A movie about ambition and the unexpected challenges that change everything.
s01113,Movie,Ocean of Fire 6,Raj Mehta,Chris Taylor,France,"July 24, 2020",2005,NR,120 min,International Movies,A movie about survival and the unexpected challenges that change everything.
s01114,Movie,Mystery House 94,Raj Mehta,Chris Taylor,Australia,"December 21, 2019",2002,PG,95 min,International Movies,A movie about family and the unexpected challenges that change everything.
s01115,Movie,The Silent Witness 118,John Carter,Neha Patel,Brazil,"May 28, 2015",2007,R,90 min,Children and Family Movies,A movie about survival and the unexpected challenges that change everything.
s01116,Movie,Love in Paris 66,Arjun Patel,Vikram Singh,Germany,"January 2, 2016",1999,TV-PG,95 min,Thrillers,A movie about friendship and the unexpected challenges that change everything.
s01117,Movie,Midnight in Mumbai 175,Michael Brown,Olivia James,Spain,"July 31, 2020",2020,G,150 min,International TV Shows,A movie about mystery and the unexpected challenges that change everything.
s01118,TV Show,Broken Hearts 114,Riya Sharma,Amit Verma,United Kingdom,"August 10, 2016",2004,NR,3 Seasons,Crime TV Shows,A tv show about mystery and the unexpected challenges that change everything.
s01119,Movie,Beyond the Horizon 203,Raj Mehta,Various Artists,Spain,"November 20, 2019",2008,TV-PG,75 min,Documentaries,A movie about friendship and the unexpected challenges that change everything.
s01120,Movie,Love in Paris 26,Sofia Martin,Daniel Kim,Canada,"February 4, 2015",2003,R,82 min,Crime TV Shows,A movie about adventure and the unexpected challenges that change everything.
s01121,TV Show,Future World 45,Arjun Patel,Chris Taylor,Spain,"November 3, 2017",2001,PG,8 Seasons,Crime TV Shows,A tv show about mystery and the unexpected challenges that change everything.
s01122,TV Show,Love in Paris 233,Anil Verma,Priya Shah,India,"October 18, 2019",1990,NR,8 Seasons,Comedies,A tv show about justice and the unexpected challenges that change everything.
s01123,TV Show,Ocean of Fire 214,Raj Mehta,Sarah Lee,Mexico,"July 16, 2016",2012,R,4 Seasons,Horror Movies,A tv show about adventure and the unexpected challenges that change everything.
s01124,TV Show,The Great Escape 76,Anil Verma,David Wilson,Canada,"February 17, 2020",2012,G,2 Seasons,Dramas,A tv show about survival and the unexpected challenges that change everything.
s01125,Movie,The Silent Witness 187,John Carter,Riya Kapoor,United States,"February 27, 2020",1990,TV-14,90 min,Sci-Fi and Fantasy,A movie about justice and the unexpected challenges that change everything.
s01126,Movie,The Final Mission 180,Sofia Martin,Ananya Singh,United States,"April 13, 2019",2018,R,95 min,Sci-Fi and Fantasy,A movie about love and the unexpected challenges that change everything.
s01127,Movie,Ocean of Fire 37,Emma Johnson,Priya Shah,South Korea,"April 15, 2018",2015,R,90 min,Horror Movies,A movie about friendship and the unexpected challenges that change everything.
s01128,Movie,City of Dreams 98,Emma Johnson,Emily Stone,United States,"June 23, 2019",2020,TV-PG,120 min,International Movies,A movie about survival and the unexpected challenges that change everything.
s01129,Movie,Edge of Tomorrow 168,Priya Kapoor,Olivia James,Germany,"February 15, 2019",2005,R,110 min,International TV Shows,A movie about love and the unexpected challenges that change everything.
s01130,Movie,Code Zero 126,Neha Singh,John Smith,India,"October 21, 2015",2012,TV-PG,90 min,Horror Movies,A movie about adventure and the unexpected challenges that change everything.
s01131,TV Show,Into the Wild 150,James Anderson,Riya Kapoor,South Korea,"October 16, 2017",2005,G,6 Seasons,Documentaries,A tv show about friendship and the unexpected challenges that change everything.
s01132,Movie,Winter Nights 173,Priya Kapoor,Rahul Sharma,Japan,"February 23, 2016",2003,TV-PG,110 min,Documentaries,A movie about friendship and the unexpected challenges that change everything.
s01133,Movie,Mystery House 214,Emma Johnson,Amit Verma,Singapore,"April 2, 2021",2010,NR,95 min,Action and Adventure,A movie about justice and the unexpected challenges that change everything.
s01134,Movie,The Lost Treasure 85,John Carter,Priya Shah,Australia,"November 3, 2019",2014,G,150 min,International TV Shows,A movie about justice and the unexpected challenges that change everything.
s01135,Movie,Code Zero 134,Chris Taylor,Priya Shah,South Korea,"October 13, 2020",2012,PG,150 min,Music and Musicals,A movie about justice and the unexpected challenges that change everything.
s01136,Movie,The Great Escape 64,Emma Johnson,Neha Patel,France,"September 18, 2016",2012,TV-MA,95 min,Documentaries,A movie about adventure and the unexpected challenges that change everything.
s01137,TV Show,Rise of the Phoenix 158,Daniel Lee,David Wilson,Canada,"July 7, 2017",2002,PG-13,4 Seasons,Stand-Up Comedy,A tv show about love and the unexpected challenges that change everything.
s01138,Movie,Edge of Tomorrow 146,Sofia Martin,Michael Brown,Australia,"May 5, 2016",2012,TV-14,90 min,Action and Adventure,A movie about mystery and the unexpected challenges that change everything.
s01139,Movie,Rise of the Phoenix 103,Karan Malhotra,Riya Kapoor,Canada,"April 24, 2020",2012,TV-MA,135 min,Crime TV Shows,A movie about ambition and the unexpected challenges that change everything.
s01140,Movie,Rise of the Phoenix 88,Chris Taylor,Emma Clark,France,"February 26, 2020",2008,PG,135 min,Crime TV Shows,A movie about mystery and the unexpected challenges that change everything.
s01141,TV Show,Dark Secrets 168,Raj Mehta,Priya Shah,Germany,"August 19, 2018",2008,R,3 Seasons,Action and Adventure,A tv show about survival and the unexpected challenges that change everything.
s01142,Movie,The Secret Island 135,John Carter,Olivia James,Singapore,"November 12, 2016",2007,TV-14,101 min,Documentaries,A movie about family and the unexpected challenges that change everything.
s01143,Movie,The Last Kingdom 134,John Carter,Riya Kapoor,United States,"December 26, 2018",2016,R,110 min,Horror Movies,A movie about survival and the unexpected challenges that change everything.
s01144,Movie,A New Beginning 245,Robert Davis,Michael Brown,Canada,"October 10, 2016",2002,TV-PG,150 min,Children and Family Movies,A movie about friendship and the unexpected challenges that change everything.
s01145,Movie,Winter Nights 112,Robert Davis,Olivia James,Singapore,"October 23, 2015",2002,PG,120 min,Stand-Up Comedy,A movie about friendship and the unexpected challenges that change everything.
s01146,TV Show,The Great Escape 177,Karan Malhotra,Amit Verma,Singapore,"June 1, 2019",2012,G,2 Seasons,Documentaries,A tv show about adventure and the unexpected challenges that change everything.
s01147,TV Show,The Great Escape 246,Daniel Lee,Various Artists,Spain,"November 18, 2020",2010,NR,6 Seasons,Sports Movies,A tv show about survival and the unexpected challenges that change everything.
s01148,Movie,The Lost Treasure 28,John Carter,Arjun Mehta,Singapore,"June 16, 2019",1998,R,120 min,Anime Series,A movie about adventure and the unexpected challenges that change everything.
s01149,TV Show,Rise of the Phoenix 25,Chris Taylor,Rahul Sharma,United States,"June 8, 2020",2015,PG,2 Seasons,Thrillers,A tv show about mystery and the unexpected challenges that change everything.
s01150,TV Show,The Golden Road 297,Raj Mehta,Sophia Martin,Brazil,"March 2, 2019",1995,PG,3 Seasons,Documentaries,A tv show about ambition and the unexpected challenges that change everything.
s01151,Movie,Love in Paris 38,James Anderson,Rahul Sharma,Japan,"April 15, 2021",1995,PG,75 min,Comedies,A movie about love and the unexpected challenges that change everything.
s01152,TV Show,Shadow of the Past 75,Anil Verma,Neha Patel,Italy,"May 18, 2020",2003,G,4 Seasons,Horror Movies,A tv show about ambition and the unexpected challenges that change everything.
s01153,Movie,Lost in the Stars 259,Riya Sharma,David Wilson,Canada,"April 6, 2018",2012,NR,82 min,Crime TV Shows,A movie about justice and the unexpected challenges that change everything.
s01154,Movie,Mystery House 225,Robert Davis,John Smith,United Kingdom,"October 10, 2018",2013,TV-14,150 min,Romantic Movies,A movie about friendship and the unexpected challenges that change everything.
s01155,Movie,Dangerous Game 146,Arjun Patel,Raj Kumar,United Kingdom,"April 4, 2019",2021,R,82 min,Stand-Up Comedy,A movie about mystery and the unexpected challenges that change everything.
s01156,TV Show,The Final Mission 237,Daniel Lee,Olivia James,Italy,"June 18, 2018",1992,TV-14,4 Seasons,Comedies,A tv show about survival and the unexpected challenges that change everything.
s01157,Movie,Code Zero 153,Raj Mehta,Priya Shah,South Korea,"August 10, 2020",2002,G,120 min,Romantic Movies,A movie about family and the unexpected challenges that change everything.
s01158,TV Show,Shadow of the Past 126,Riya Sharma,Emma Clark,Germany,"May 22, 2016",2000,TV-14,4 Seasons,Horror Movies,A tv show about love and the unexpected challenges that change everything.
s01159,TV Show,Dream Catcher 226,Priya Kapoor,Olivia James,France,"December 11, 2015",2018,NR,2 Seasons,Sci-Fi and Fantasy,A tv show about adventure and the unexpected challenges that change everything.
s01160,Movie,Code Zero 211,Chris Taylor,Michael Brown,Canada,"April 22, 2020",2014,TV-MA,90 min,Sports Movies,A movie about family and the unexpected challenges that change everything.
s01161,TV Show,Dangerous Game 182,James Anderson,Vikram Singh,Brazil,"June 11, 2016",2008,R,5 Seasons,Crime TV Shows,A tv show about justice and the unexpected challenges that change everything.
s01162,Movie,Rise of the Phoenix 42,Chris Taylor,Neha Patel,United States,"July 23, 2019",2008,TV-14,101 min,Sports Movies,A movie about survival and the unexpected challenges that change everything.
s01163,Movie,Desert Storm 236,Robert Davis,David Wilson,Spain,"April 25, 2016",1997,TV-PG,120 min,Documentaries,A movie about love and the unexpected challenges that change everything.
s01164,TV Show,The Secret Island 34,Neha Singh,Chris Taylor,France,"January 2, 2019",2014,TV-PG,6 Seasons,International Movies,A tv show about ambition and the unexpected challenges that change everything.
s01165,Movie,Desert Storm 134,Aarav Sharma,Sarah Lee,Singapore,"February 14, 2015",2010,TV-PG,101 min,Sci-Fi and Fantasy,A movie about family and the unexpected challenges that change everything.
s01166,TV Show,Desert Storm 70,Priya Kapoor,Sophia Martin,France,"July 16, 2019",2021,TV-14,3 Seasons,Action and Adventure,A tv show about family and the unexpected challenges that change everything.
s01167,TV Show,Code Zero 39,Anil Verma,Emma Clark,Germany,"September 26, 2020",2020,TV-PG,3 Seasons,Horror Movies,A tv show about friendship and the unexpected challenges that change everything.
s01168,Movie,Rise of the Phoenix 10,Raj Mehta,John Smith,Italy,"September 28, 2017",2019,NR,120 min,Crime TV Shows,A movie about ambition and the unexpected challenges that change everything.
s01169,Movie,Dream Catcher 244,Priya Kapoor,David Wilson,United States,"August 2, 2020",2007,TV-MA,101 min,International Movies,A movie about love and the unexpected challenges that change everything.
s01170,Movie,The Forgotten Path 88,Chris Taylor,Sophia Martin,Germany,"August 13, 2017",2009,TV-14,82 min,Documentaries,A movie about justice and the unexpected challenges that change everything.
s01171,Movie,Shadow of the Past 15,Arjun Patel,Michael Brown,Singapore,"January 16, 2016",1993,TV-PG,90 min,Dramas,A movie about family and the unexpected challenges that change everything.
s01172,TV Show,City of Dreams 168,Robert Davis,Emily Stone,Australia,"July 10, 2015",1998,G,2 Seasons,Action and Adventure,A tv show about friendship and the unexpected challenges that change everything.
s01173,Movie,Future World 154,Emma Johnson,Amit Verma,Germany,"March 6, 2018",1993,PG,90 min,Horror Movies,A movie about friendship and the unexpected challenges that change everything.
s01174,Movie,The Secret Island 143,Riya Sharma,Daniel Kim,Germany,"September 29, 2015",1992,TV-MA,150 min,International Movies,A movie about ambition and the unexpected challenges that change everything.
s01175,Movie,Desert Storm 69,Robert Davis,Chris Taylor,United States,"March 27, 2020",2012,TV-MA,75 min,Stand-Up Comedy,A movie about adventure and the unexpected challenges that change everything.
s01176,Movie,Edge of Tomorrow 79,Daniel Lee,Riya Kapoor,Canada,"February 26, 2017",2007,R,82 min,Dramas,A movie about ambition and the unexpected challenges that change everything.
s01177,TV Show,The Silent Witness 258,Raj Mehta,Arjun Mehta,Singapore,"September 14, 2016",2018,R,6 Seasons,Action and Adventure,A tv show about adventure and the unexpected challenges that change everything.
s01178,Movie,The Secret Island 109,Sarah Williams,Priya Shah,Mexico,"July 26, 2017",1999,TV-PG,75 min,Anime Series,A movie about family and the unexpected challenges that change everything.
s01179,TV Show,Dangerous Game 105,Anil Verma,Arjun Mehta,Australia,"January 23, 2018",1997,R,5 Seasons,Horror Movies,A tv show about ambition and the unexpected challenges that change everything.
s01180,Movie,Love in Paris 191,Sarah Williams,Sarah Lee,Canada,"March 8, 2015",2003,TV-14,110 min,Crime TV Shows,A movie about love and the unexpected challenges that change everything.
s01181,TV Show,The Silent Witness 117,James Anderson,Arjun Mehta,United States,"June 4, 2016",2000,G,2 Seasons,Sports Movies,A tv show about adventure and the unexpected challenges that change everything.
s01182,Movie,Lost in the Stars 298,Emma Johnson,Vikram Singh,South Korea,"June 23, 2019",2002,TV-MA,82 min,Horror Movies,A movie about ambition and the unexpected challenges that change everything.
s01183,Movie,Hidden Truth 141,Arjun Patel,Emily Stone,Mexico,"April 2, 2018",2001,TV-PG,101 min,International Movies,A movie about survival and the unexpected challenges that change everything.
s01184,TV Show,Mystery House 74,James Anderson,Amit Verma,South Korea,"July 2, 2016",2017,TV-PG,6 Seasons,Crime TV Shows,A tv show about justice and the unexpected challenges that change everything.
s01185,Movie,Lost in the Stars 199,Anil Verma,Raj Kumar,Spain,"March 14, 2015",1991,NR,120 min,Documentaries,A movie about friendship and the unexpected challenges that change everything.
s01186,TV Show,Ocean of Fire 60,Raj Mehta,Vikram Singh,Brazil,"November 17, 2019",2012,TV-14,3 Seasons,Documentaries,A tv show about ambition and the unexpected challenges that change everything.
s01187,Movie,Winter Nights 296,Daniel Lee,Vikram Singh,India,"June 27, 2019",2021,TV-MA,90 min,International TV Shows,A movie about justice and the unexpected challenges that change everything.
s01188,Movie,Hidden Truth 151,Priya Kapoor,Amit Verma,France,"February 19, 2019",2018,R,75 min,Documentaries,A movie about justice and the unexpected challenges that change everything.
s01189,Movie,The Golden Road 197,Anil Verma,Amit Verma,Japan,"June 28, 2015",2012,PG,75 min,Anime Series,A movie about mystery and the unexpected challenges that change everything.
s01190,Movie,Winter Nights 89,Raj Mehta,Sarah Lee,Singapore,"January 4, 2017",2020,PG,110 min,Documentaries,A movie about adventure and the unexpected challenges that change everything.
s01191,Movie,Into the Wild 236,Aarav Sharma,Sarah Lee,Brazil,"February 26, 2017",2012,R,120 min,Crime TV Shows,A movie about love and the unexpected challenges that change everything.
s01192,Movie,Rise of the Phoenix 130,Raj Mehta,John Smith,Singapore,"July 28, 2015",2014,NR,82 min,Horror Movies,A movie about friendship and the unexpected challenges that change everything.
s01193,Movie,Mystery House 220,Michael Brown,Daniel Kim,United Kingdom,"July 16, 2019",1999,TV-14,90 min,Horror Movies,A movie about adventure and the unexpected challenges that change everything.
s01194,Movie,Code Zero 195,John Carter,Emma Clark,Mexico,"May 25, 2019",2015,NR,101 min,Romantic Movies,A movie about adventure and the unexpected challenges that change everything.
s01195,Movie,Ocean of Fire 75,Neha Singh,Priya Shah,Spain,"August 16, 2016",2011,R,101 min,Sci-Fi and Fantasy,A movie about justice and the unexpected challenges that change everything.
s01196,TV Show,Mystery House 214,Priya Kapoor,Michael Brown,Singapore,"April 30, 2018",2016,NR,1 Season,International TV Shows,A tv show about ambition and the unexpected challenges that change everything.
s01197,TV Show,Dark Secrets 144,David Wilson,Sophia Martin,Germany,"January 30, 2019",2021,G,5 Seasons,Anime Series,A tv show about love and the unexpected challenges that change everything.
s01198,TV Show,Dangerous Game 15,Arjun Patel,Raj Kumar,Brazil,"March 13, 2021",2014,G,4 Seasons,Action and Adventure,A tv show about mystery and the unexpected challenges that change everything.
s01199,TV Show,The Last Warrior 35,Riya Sharma,Amit Verma,Australia,"February 24, 2019",2012,TV-PG,3 Seasons,Stand-Up Comedy,A tv show about justice and the unexpected challenges that change everything.
s01200,Movie,Hidden Truth 100,Chris Taylor,Olivia James,France,"May 6, 2021",1996,NR,82 min,Crime TV Shows,A movie about love and the unexpected challenges that change everything.
s01201,TV Show,Desert Storm 144,Arjun Patel,Daniel Kim,United Kingdom,"November 19, 2021",2004,R,1 Season,Dramas,A tv show about survival and the unexpected challenges that change everything.
s01202,Movie,The Great Escape 232,James Anderson,Emma Clark,France,"October 10, 2017",2008,PG,120 min,Music and Musicals,A movie about mystery and the unexpected challenges that change everything.
s01203,Movie,Mystery House 80,John Carter,Emma Clark,United States,"October 22, 2019",2009,TV-14,120 min,Romantic Movies,A movie about adventure and the unexpected challenges that change everything.
s01204,Movie,Winter Nights 273,Neha Singh,Michael Brown,Brazil,"April 27, 2019",2020,PG,150 min,Music and Musicals,A movie about survival and the unexpected challenges that change everything.
s01205,Movie,Desert Storm 7,Aarav Sharma,David Wilson,France,"January 29, 2021",2016,R,95 min,Music and Musicals,A movie about friendship and the unexpected challenges that change everything.
s01206,TV Show,Edge of Tomorrow 215,Sofia Martin,Raj Kumar,Mexico,"June 1, 2016",1995,TV-PG,3 Seasons,Sports Movies,A tv show about love and the unexpected challenges that change everything.
s01207,Movie,A New Beginning 126,Daniel Lee,Vikram Singh,Spain,"May 21, 2021",2014,TV-PG,75 min,International Movies,A movie about family and the unexpected challenges that change everything.
s01208,Movie,Mystery House 174,James Anderson,David Wilson,Mexico,"January 2, 2019",2013,TV-14,150 min,Horror Movies,A movie about ambition and the unexpected challenges that change everything.
s01209,Movie,City of Dreams 26,Neha Singh,Michael Brown,Mexico,"July 6, 2021",2020,PG-13,150 min,Stand-Up Comedy,A movie about mystery and the unexpected challenges that change everything.
s01210,TV Show,The Golden Road 75,Neha Singh,John Smith,India,"July 31, 2018",1995,PG,8 Seasons,Thrillers,A tv show about mystery and the unexpected challenges that change everything.
s01211,Movie,The Golden Road 78,Priya Kapoor,David Wilson,Mexico,"April 27, 2018",2008,PG-13,75 min,Romantic Movies,A movie about justice and the unexpected challenges that change everything.
s01212,Movie,The Silent Witness 21,Sarah Williams,John Smith,Brazil,"November 18, 2016",2011,G,150 min,Anime Series,A movie about mystery and the unexpected challenges that change everything.
s01213,Movie,The Golden Road 222,Neha Singh,Priya Shah,United Kingdom,"April 22, 2018",2016,PG,90 min,Thrillers,A movie about adventure and the unexpected challenges that change everything.
s01214,TV Show,The Great Escape 179,David Wilson,Various Artists,India,"September 13, 2018",2009,NR,5 Seasons,Horror Movies,A tv show about love and the unexpected challenges that change everything.
s01215,Movie,The Final Mission 109,Aarav Sharma,Priya Shah,Brazil,"December 18, 2017",1990,R,101 min,Anime Series,A movie about justice and the unexpected challenges that change everything.
s01216,Movie,Mystery House 200,Sarah Williams,Priya Shah,India,"July 10, 2015",2013,PG-13,82 min,Stand-Up Comedy,A movie about family and the unexpected challenges that change everything.
s01217,Movie,A New Beginning 35,John Carter,Arjun Mehta,United States,"December 8, 2016",2016,R,135 min,Music and Musicals,A movie about family and the unexpected challenges that change everything.
s01218,Movie,The Silent Witness 246,Aarav Sharma,Michael Brown,Brazil,"January 22, 2016",2002,TV-MA,75 min,International Movies,A movie about adventure and the unexpected challenges that change everything.
s01219,Movie,Code Zero 7,Raj Mehta,David Wilson,Spain,"September 7, 2016",2016,PG-13,135 min,Music and Musicals,A movie about survival and the unexpected challenges that change everything.
s01220,Movie,The Last Warrior 219,Neha Singh,Arjun Mehta,South Korea,"August 10, 2020",2005,PG,110 min,Documentaries,A movie about survival and the unexpected challenges that change everything.
s01221,TV Show,Future World 172,James Anderson,David Wilson,Spain,"August 24, 2017",2012,TV-MA,3 Seasons,Crime TV Shows,A tv show about family and the unexpected challenges that change everything.
s01222,Movie,The Silent Witness 298,Chris Taylor,David Wilson,Mexico,"February 20, 2018",2010,TV-PG,75 min,International Movies,A movie about mystery and the unexpected challenges that change everything.
s01223,Movie,Desert Storm 63,Daniel Lee,Riya Kapoor,Germany,"November 20, 2016",1993,NR,150 min,Anime Series,A movie about adventure and the unexpected challenges that change everything.
s01224,TV Show,The Silent Witness 187,Anil Verma,Raj Kumar,Italy,"January 21, 2021",2020,PG,8 Seasons,Comedies,A tv show about survival and the unexpected challenges that change everything.
s01225,Movie,Future World 227,Chris Taylor,Sarah Lee,Spain,"March 6, 2021",2005,NR,120 min,Action and Adventure,A movie about survival and the unexpected challenges that change everything.
s01226,Movie,Love in Paris 48,Arjun Patel,Emily Stone,Mexico,"November 13, 2018",2021,G,101 min,Horror Movies,A movie about love and the unexpected challenges that change everything.
s01227,Movie,Dream Catcher 175,Karan Malhotra,Neha Patel,Brazil,"August 12, 2020",2019,TV-MA,90 min,Music and Musicals,A movie about family and the unexpected challenges that change everything.
s01228,Movie,Hidden Truth 116,Riya Sharma,Chris Taylor,United Kingdom,"September 2, 2016",2003,NR,82 min,Music and Musicals,A movie about adventure and the unexpected challenges that change everything.
s01229,TV Show,Ocean of Fire 253,Priya Kapoor,Priya Shah,Brazil,"March 22, 2016",2018,TV-14,1 Season,Anime Series,A tv show about friendship and the unexpected challenges that change everything.
s01230,Movie,City of Dreams 95,Anil Verma,David Wilson,Brazil,"February 19, 2016",2006,PG-13,95 min,Children and Family Movies,A movie about justice and the unexpected challenges that change everything.
s01231,TV Show,The Secret Island 116,Sarah Williams,Amit Verma,Australia,"November 13, 2017",2012,NR,1 Season,Crime TV Shows,A tv show about adventure and the unexpected challenges that change everything.
s01232,Movie,Edge of Tomorrow 50,John Carter,Arjun Mehta,France,"February 17, 2020",2011,G,150 min,Anime Series,A movie about adventure and the unexpected challenges that change everything.
s01233,Movie,Ocean of Fire 79,Emma Johnson,Emily Stone,Japan,"December 18, 2016",1995,TV-14,82 min,Action and Adventure,A movie about survival and the unexpected challenges that change everything.
s01234,Movie,The Golden Road 50,Priya Kapoor,Emily Stone,Spain,"May 7, 2021",1993,PG,90 min,Crime TV Shows,A movie about ambition and the unexpected challenges that change everything.
s01235,Movie,Broken Hearts 264,Raj Mehta,Olivia James,United States,"April 13, 2021",2004,R,120 min,Anime Series,A movie about survival and the unexpected challenges that change everything.
s01236,Movie,Winter Nights 190,Sofia Martin,Amit Verma,Australia,"January 22, 2016",2004,R,82 min,Stand-Up Comedy,A movie about friendship and the unexpected challenges that change everything.
s01237,TV Show,Into the Wild 189,Chris Taylor,Arjun Mehta,United Kingdom,"August 30, 2017",2021,PG-13,8 Seasons,Documentaries,A tv show about justice and the unexpected challenges that change everything.
s01238,Movie,Future World 222,Chris Taylor,Amit Verma,Spain,"July 3, 2018",2009,PG-13,90 min,Comedies,A movie about survival and the unexpected challenges that change everything.
s01239,TV Show,Hidden Truth 269,Karan Malhotra,Emily Stone,Japan,"January 22, 2017",1990,NR,6 Seasons,Horror Movies,A tv show about justice and the unexpected challenges that change everything.
s01240,Movie,Hidden Truth 79,James Anderson,Ananya Singh,Brazil,"June 29, 2016",2001,PG,90 min,Horror Movies,A movie about adventure and the unexpected challenges that change everything.
s01241,TV Show,Desert Storm 98,Aarav Sharma,Priya Shah,Singapore,"July 9, 2021",2007,NR,6 Seasons,Stand-Up Comedy,A tv show about mystery and the unexpected challenges that change everything.
s01242,TV Show,Dangerous Game 192,David Wilson,Raj Kumar,Australia,"December 24, 2021",2018,G,3 Seasons,Anime Series,A tv show about justice and the unexpected challenges that change everything.
s01243,TV Show,Beyond the Horizon 38,James Anderson,David Wilson,India,"July 9, 2017",2003,PG-13,3 Seasons,Horror Movies,A tv show about ambition and the unexpected challenges that change everything.
s01244,TV Show,The Last Kingdom 209,Michael Brown,Arjun Mehta,Brazil,"January 27, 2016",1994,TV-MA,8 Seasons,Sci-Fi and Fantasy,A tv show about justice and the unexpected challenges that change everything.
s01245,TV Show,Mystery House 89,David Wilson,Neha Patel,United Kingdom,"August 31, 2017",2013,NR,6 Seasons,Music and Musicals,A tv show about mystery and the unexpected challenges that change everything.
s01246,Movie,The Secret Island 85,Michael Brown,Daniel Kim,Canada,"December 6, 2015",2018,R,75 min,International TV Shows,A movie about family and the unexpected challenges that change everything.
s01247,Movie,Future World 22,Michael Brown,David Wilson,France,"January 26, 2017",1992,TV-PG,75 min,International Movies,A movie about survival and the unexpected challenges that change everything.
s01248,Movie,The Great Escape 122,David Wilson,Ananya Singh,India,"June 11, 2021",2021,PG,120 min,Thrillers,A movie about ambition and the unexpected challenges that change everything.
s01249,TV Show,Ocean of Fire 273,Aarav Sharma,Emily Stone,Canada,"July 27, 2017",2005,G,4 Seasons,Sci-Fi and Fantasy,A tv show about love and the unexpected challenges that change everything.
s01250,Movie,Mystery House 130,James Anderson,John Smith,Brazil,"March 17, 2016",1993,NR,120 min,Children and Family Movies,A movie about justice and the unexpected challenges that change everything.
s01251,TV Show,Beyond the Horizon 81,Raj Mehta,Emily Stone,India,"August 19, 2016",1996,TV-14,1 Season,Music and Musicals,A tv show about adventure and the unexpected challenges that change everything.
s01252,Movie,The Silent Witness 69,Arjun Patel,Michael Brown,Mexico,"June 30, 2021",2009,TV-14,90 min,Stand-Up Comedy,A movie about justice and the unexpected challenges that change everything.
s01253,Movie,Mystery House 16,Neha Singh,Olivia James,Spain,"October 31, 2021",2008,TV-PG,82 min,Crime TV Shows,A movie about family and the unexpected challenges that change everything.
s01254,Movie,Desert Storm 165,Riya Sharma,Priya Shah,France,"June 29, 2019",1997,TV-MA,120 min,Music and Musicals,A movie about family and the unexpected challenges that change everything.
s01255,Movie,Code Zero 197,Riya Sharma,Emily Stone,Brazil,"October 3, 2019",1999,R,82 min,Romantic Movies,A movie about love and the unexpected challenges that change everything.
s01256,Movie,The Silent Witness 265,Riya Sharma,Chris Taylor,Brazil,"February 1, 2020",2000,PG,82 min,Comedies,A movie about love and the unexpected challenges that change everything.
s01257,Movie,Broken Hearts 157,Priya Kapoor,Priya Shah,India,"January 2, 2019",1995,PG-13,75 min,Action and Adventure,A movie about family and the unexpected challenges that change everything.
s01258,Movie,Code Zero 97,Robert Davis,Riya Kapoor,Australia,"April 17, 2021",2007,TV-PG,120 min,Dramas,A movie about adventure and the unexpected challenges that change everything.
s01259,Movie,Hidden Truth 97,Aarav Sharma,Various Artists,Brazil,"July 2, 2021",1990,PG-13,150 min,Sports Movies,A movie about love and the unexpected challenges that change everything.
s01260,Movie,Broken Hearts 132,Arjun Patel,Arjun Mehta,Australia,"August 4, 2015",1993,PG,150 min,Horror Movies,A movie about family and the unexpected challenges that change everything.
s01261,Movie,Future World 82,Aarav Sharma,Sarah Lee,United States,"December 12, 2020",2016,R,90 min,Sci-Fi and Fantasy,A movie about adventure and the unexpected challenges that change everything.
s01262,TV Show,Shadow of the Past 59,Riya Sharma,Daniel Kim,Spain,"September 3, 2019",2021,PG,3 Seasons,Thrillers,A tv show about ambition and the unexpected challenges that change everything.
s01263,Movie,Lost in the Stars 284,Riya Sharma,Michael Brown,Japan,"January 17, 2021",1999,G,90 min,Stand-Up Comedy,A movie about justice and the unexpected challenges that change everything.
s01264,Movie,Lost in the Stars 228,Emma Johnson,Emma Clark,Mexico,"February 2, 2018",2017,TV-PG,150 min,Horror Movies,A movie about family and the unexpected challenges that change everything.
s01265,Movie,Mystery House 290,Emma Johnson,Daniel Kim,Mexico,"June 23, 2021",2012,PG,150 min,Romantic Movies,A movie about ambition and the unexpected challenges that change everything.
s01266,Movie,Dangerous Game 56,Michael Brown,Arjun Mehta,Brazil,"March 20, 2020",2006,G,120 min,Dramas,A movie about adventure and the unexpected challenges that change everything.
s01267,Movie,Lost in the Stars 18,Emma Johnson,Emily Stone,Australia,"August 22, 2020",2011,TV-14,150 min,Anime Series,A movie about family and the unexpected challenges that change everything.
s01268,Movie,The Forgotten Path 229,John Carter,Riya Kapoor,South Korea,"November 30, 2020",2000,PG-13,90 min,Documentaries,A movie about mystery and the unexpected challenges that change everything.
s01269,Movie,The Silent Witness 189,Sarah Williams,David Wilson,Canada,"October 22, 2015",1999,G,82 min,International Movies,A movie about love and the unexpected challenges that change everything.
s01270,Movie,Code Zero 79,Robert Davis,Neha Patel,Singapore,"September 3, 2017",2007,NR,82 min,International TV Shows,A movie about mystery and the unexpected challenges that change everything.
s01271,Movie,Into the Wild 182,Emma Johnson,Vikram Singh,India,"July 7, 2017",2008,TV-MA,90 min,Crime TV Shows,A movie about ambition and the unexpected challenges that change everything.
s01272,TV Show,City of Dreams 250,Sofia Martin,Rahul Sharma,Australia,"December 27, 2019",1991,G,4 Seasons,Thrillers,A tv show about mystery and the unexpected challenges that change everything.
s01273,TV Show,The Silent Witness 196,Karan Malhotra,Amit Verma,Italy,"April 5, 2017",1992,TV-PG,2 Seasons,Stand-Up Comedy,A tv show about mystery and the unexpected challenges that change everything.
s01274,Movie,Midnight in Mumbai 248,Sofia Martin,Sarah Lee,Italy,"October 19, 2020",2007,G,135 min,Romantic Movies,A movie about justice and the unexpected challenges that change everything.
s01275,Movie,Beyond the Horizon 263,Chris Taylor,Various Artists,Japan,"June 30, 2019",1997,PG-13,120 min,Documentaries,A movie about mystery and the unexpected challenges that change everything.
s01276,Movie,Mystery House 193,John Carter,Olivia James,France,"April 14, 2016",1993,PG,82 min,Action and Adventure,A movie about family and the unexpected challenges that change everything.
s01277,Movie,The Golden Road 52,Daniel Lee,John Smith,United Kingdom,"December 16, 2021",2007,TV-MA,82 min,Sci-Fi and Fantasy,A movie about justice and the unexpected challenges that change everything.
s01278,TV Show,The Lost Treasure 285,Raj Mehta,Emma Clark,Italy,"August 7, 2021",2010,TV-PG,4 Seasons,Music and Musicals,A tv show about family and the unexpected challenges that change everything.
s01279,Movie,Dark Secrets 9,Raj Mehta,Vikram Singh,Canada,"November 26, 2021",2016,TV-MA,120 min,International TV Shows,A movie about adventure and the unexpected challenges that change everything.
s01280,Movie,The Golden Road 298,Karan Malhotra,Vikram Singh,United States,"December 25, 2018",2008,NR,90 min,Documentaries,A movie about love and the unexpected challenges that change everything.
s01281,Movie,Lost in the Stars 65,Sofia Martin,Amit Verma,Australia,"June 30, 2020",2011,PG,75 min,Anime Series,A movie about justice and the unexpected challenges that change everything.
s01282,Movie,Dark Secrets 24,David Wilson,Riya Kapoor,India,"August 29, 2015",2021,PG,95 min,International Movies,A movie about mystery and the unexpected challenges that change everything.
s01283,Movie,Hidden Truth 185,Arjun Patel,Olivia James,Japan,"March 24, 2015",2012,R,75 min,Stand-Up Comedy,A movie about adventure and the unexpected challenges that change everything.
s01284,Movie,Edge of Tomorrow 62,Robert Davis,Various Artists,Singapore,"September 2, 2016",2019,TV-MA,135 min,Music and Musicals,A movie about friendship and the unexpected challenges that change everything.
s01285,Movie,Beyond the Horizon 22,Raj Mehta,Vikram Singh,Germany,"September 15, 2017",2000,PG,101 min,International TV Shows,A movie about family and the unexpected challenges that change everything.
s01286,Movie,The Silent Witness 42,Sofia Martin,Priya Shah,France,"December 13, 2020",1991,PG,75 min,International Movies,A movie about ambition and the unexpected challenges that change everything.
s01287,Movie,The Great Escape 31,Priya Kapoor,John Smith,Australia,"June 7, 2020",2019,TV-PG,120 min,International Movies,A movie about justice and the unexpected challenges that change everything.
s01288,Movie,The Silent Witness 247,Michael Brown,Michael Brown,Canada,"November 29, 2020",2015,NR,120 min,International TV Shows,A movie about mystery and the unexpected challenges that change everything.
s01289,Movie,Beyond the Horizon 294,Neha Singh,Priya Shah,Australia,"September 30, 2015",2003,PG-13,82 min,Sports Movies,A movie about justice and the unexpected challenges that change everything.
s01290,Movie,City of Dreams 207,Michael Brown,Riya Kapoor,Mexico,"November 23, 2021",2003,G,75 min,International TV Shows,A movie about adventure and the unexpected challenges that change everything.
s01291,Movie,The Last Kingdom 56,Priya Kapoor,Olivia James,United States,"July 25, 2018",2012,TV-PG,120 min,Anime Series,A movie about survival and the unexpected challenges that change everything.
s01292,Movie,The Secret Island 291,Aarav Sharma,Priya Shah,Italy,"February 14, 2019",2007,R,135 min,Children and Family Movies,A movie about family and the unexpected challenges that change everything.
s01293,Movie,Love in Paris 198,Arjun Patel,Rahul Sharma,Germany,"March 31, 2020",1994,TV-PG,110 min,Stand-Up Comedy,A movie about ambition and the unexpected challenges that change everything.
s01294,Movie,Shadow of the Past 179,Sarah Williams,Emily Stone,Brazil,"June 26, 2021",1990,TV-MA,90 min,Thrillers,A movie about survival and the unexpected challenges that change everything.
s01295,TV Show,Code Zero 277,Raj Mehta,Sarah Lee,United States,"March 16, 2021",2010,PG,4 Seasons,Dramas,A tv show about ambition and the unexpected challenges that change everything.
s01296,Movie,The Great Escape 61,Robert Davis,Olivia James,Germany,"April 1, 2019",2011,TV-14,120 min,Documentaries,A movie about love and the unexpected challenges that change everything.
s01297,Movie,The Golden Road 26,Karan Malhotra,Priya Shah,Canada,"August 31, 2019",2005,PG-13,82 min,Children and Family Movies,A movie about adventure and the unexpected challenges that change everything.
s01298,Movie,Future World 100,Neha Singh,Daniel Kim,Germany,"March 6, 2015",1999,TV-14,150 min,Romantic Movies,A movie about adventure and the unexpected challenges that change everything.
s01299,Movie,Dream Catcher 171,Michael Brown,Sarah Lee,India,"September 24, 2019",2006,TV-PG,120 min,Comedies,A movie about mystery and the unexpected challenges that change everything.
s01300,Movie,The Final Mission 181,Michael Brown,Emma Clark,United States,"June 18, 2016",1996,R,82 min,Comedies,A movie about ambition and the unexpected challenges that change everything.
s01301,Movie,Love in Paris 162,Karan Malhotra,Olivia James,Mexico,"November 25, 2020",2003,R,95 min,Crime TV Shows,A movie about ambition and the unexpected challenges that change everything.
s01302,TV Show,The Great Escape 206,Aarav Sharma,Various Artists,France,"October 1, 2017",2003,TV-MA,3 Seasons,International Movies,A tv show about mystery and the unexpected challenges that change everything.
s01303,Movie,Beyond the Horizon 96,Emma Johnson,Riya Kapoor,Mexico,"November 5, 2017",2008,G,95 min,Crime TV Shows,A movie about friendship and the unexpected challenges that change everything.
s01304,Movie,City of Dreams 10,Aarav Sharma,Raj Kumar,United States,"January 2, 2015",2007,PG,95 min,Sci-Fi and Fantasy,A movie about justice and the unexpected challenges that change everything.
s01305,Movie,A New Beginning 81,Sarah Williams,Emma Clark,United Kingdom,"May 5, 2015",1994,PG-13,135 min,International TV Shows,A movie about survival and the unexpected challenges that change everything.
s01306,TV Show,Hidden Truth 150,Sarah Williams,Emily Stone,Italy,"February 5, 2020",2021,TV-MA,6 Seasons,Thrillers,A tv show about survival and the unexpected challenges that change everything.
s01307,Movie,Beyond the Horizon 239,Sofia Martin,Neha Patel,Australia,"May 9, 2015",2010,PG,95 min,Children and Family Movies,A movie about adventure and the unexpected challenges that change everything.
s01308,TV Show,Broken Hearts 211,James Anderson,John Smith,India,"May 6, 2018",2007,TV-PG,6 Seasons,International Movies,A tv show about friendship and the unexpected challenges that change everything.
s01309,Movie,Broken Hearts 45,Priya Kapoor,Daniel Kim,Mexico,"June 20, 2017",1990,NR,82 min,Action and Adventure,A movie about survival and the unexpected challenges that change everything.
s01310,TV Show,Hidden Truth 23,Arjun Patel,Daniel Kim,Australia,"July 26, 2018",2015,TV-PG,1 Season,Thrillers,A tv show about adventure and the unexpected challenges that change everything.
s01311,Movie,Love in Paris 44,Riya Sharma,Michael Brown,Brazil,"November 13, 2021",2016,PG,110 min,Sports Movies,A movie about family and the unexpected challenges that change everything.
s01312,TV Show,Edge of Tomorrow 109,Neha Singh,John Smith,Germany,"July 1, 2016",2012,G,5 Seasons,Dramas,A tv show about love and the unexpected challenges that change everything.
s01313,Movie,The Last Warrior 219,Emma Johnson,Amit Verma,Japan,"December 4, 2016",2014,TV-MA,75 min,Horror Movies,A movie about ambition and the unexpected challenges that change everything.
s01314,TV Show,The Great Escape 97,Riya Sharma,Various Artists,India,"May 10, 2019",2005,TV-PG,4 Seasons,Stand-Up Comedy,A tv show about ambition and the unexpected challenges that change everything.
s01315,Movie,Dark Secrets 294,Emma Johnson,Daniel Kim,United Kingdom,"August 21, 2016",2012,TV-MA,90 min,Horror Movies,A movie about friendship and the unexpected challenges that change everything.
s01316,Movie,The Secret Island 154,Karan Malhotra,Chris Taylor,Australia,"September 19, 2018",1992,PG-13,101 min,Documentaries,A movie about mystery and the unexpected challenges that change everything.
s01317,Movie,Desert Storm 67,Emma Johnson,Rahul Sharma,India,"October 27, 2020",2012,TV-PG,95 min,Comedies,A movie about adventure and the unexpected challenges that change everything.
s01318,TV Show,Hidden Truth 34,Aarav Sharma,Amit Verma,Japan,"September 26, 2021",1990,TV-PG,3 Seasons,Comedies,A tv show about adventure and the unexpected challenges that change everything.
s01319,Movie,Dangerous Game 169,Priya Kapoor,Rahul Sharma,India,"January 25, 2021",2012,TV-MA,110 min,International TV Shows,A movie about survival and the unexpected challenges that change everything.
s01320,Movie,Lost in the Stars 287,Riya Sharma,Michael Brown,Mexico,"September 10, 2020",2007,TV-PG,120 min,Sci-Fi and Fantasy,A movie about survival and the unexpected challenges that change everything.
s01321,Movie,Midnight in Mumbai 105,Raj Mehta,Riya Kapoor,Canada,"April 10, 2020",1990,PG-13,90 min,Children and Family Movies,A movie about friendship and the unexpected challenges that change everything.
s01322,Movie,Into the Wild 180,Sarah Williams,David Wilson,Italy,"May 6, 2021",2021,PG-13,150 min,Horror Movies,A movie about justice and the unexpected challenges that change everything.
s01323,TV Show,Ocean of Fire 158,Anil Verma,Michael Brown,Canada,"August 14, 2015",1993,G,2 Seasons,Sports Movies,A tv show about adventure and the unexpected challenges that change everything.
s01324,Movie,The Golden Road 126,Neha Singh,Riya Kapoor,United Kingdom,"July 5, 2017",2017,NR,82 min,Music and Musicals,A movie about love and the unexpected challenges that change everything.
s01325,TV Show,Rise of the Phoenix 115,David Wilson,Priya Shah,Canada,"October 22, 2020",2020,NR,6 Seasons,Romantic Movies,A tv show about mystery and the unexpected challenges that change everything.
s01326,Movie,The Silent Witness 204,Robert Davis,Priya Shah,United Kingdom,"September 2, 2019",2013,G,95 min,Action and Adventure,A movie about love and the unexpected challenges that change everything.
s01327,Movie,Lost in the Stars 41,Neha Singh,Sarah Lee,Germany,"December 20, 2016",2021,G,82 min,Thrillers,A movie about friendship and the unexpected challenges that change everything.
s01328,TV Show,The Last Warrior 155,Sarah Williams,David Wilson,France,"July 27, 2016",2017,TV-MA,1 Season,Dramas,A tv show about friendship and the unexpected challenges that change everything.
s01329,Movie,Shadow of the Past 187,Daniel Lee,John Smith,Japan,"October 11, 2019",2007,TV-PG,75 min,Dramas,A movie about family and the unexpected challenges that change everything.
s01330,Movie,Into the Wild 130,Anil Verma,John Smith,Canada,"January 5, 2019",2020,TV-PG,135 min,Sports Movies,A movie about love and the unexpected challenges that change everything.
s01331,Movie,Hidden Truth 199,Anil Verma,Sophia Martin,United Kingdom,"December 1, 2020",2002,R,75 min,Children and Family Movies,A movie about family and the unexpected challenges that change everything.
s01332,Movie,The Silent Witness 278,Aarav Sharma,Emily Stone,Australia,"October 27, 2021",2021,PG-13,82 min,Anime Series,A movie about love and the unexpected challenges that change everything.
s01333,Movie,The Silent Witness 203,Daniel Lee,Raj Kumar,Canada,"October 30, 2021",1999,G,120 min,Thrillers,A movie about survival and the unexpected challenges that change everything.
s01334,TV Show,Mystery House 176,Robert Davis,Sarah Lee,Italy,"April 11, 2015",2000,G,6 Seasons,International Movies,A tv show about justice and the unexpected challenges that change everything.
s01335,TV Show,City of Dreams 120,Sarah Williams,Sarah Lee,India,"February 10, 2015",1990,PG-13,3 Seasons,Action and Adventure,A tv show about survival and the unexpected challenges that change everything.
s01336,Movie,The Last Kingdom 229,Sofia Martin,John Smith,United States,"December 28, 2016",2014,TV-PG,90 min,Anime Series,A movie about survival and the unexpected challenges that change everything.
s01337,Movie,The Last Warrior 137,David Wilson,Emma Clark,United Kingdom,"October 7, 2018",1993,PG-13,101 min,International TV Shows,A movie about family and the unexpected challenges that change everything.
s01338,Movie,A New Beginning 117,Arjun Patel,Riya Kapoor,Japan,"July 20, 2018",2007,TV-14,75 min,Thrillers,A movie about love and the unexpected challenges that change everything.
s01339,Movie,The Forgotten Path 94,Michael Brown,David Wilson,Germany,"August 12, 2021",1997,NR,82 min,International Movies,A movie about ambition and the unexpected challenges that change everything.
s01340,Movie,The Golden Road 149,Emma Johnson,Amit Verma,India,"October 5, 2019",2007,PG,90 min,Romantic Movies,A movie about ambition and the unexpected challenges that change everything.
s01341,Movie,Beyond the Horizon 152,Anil Verma,Sophia Martin,France,"November 25, 2016",1999,NR,120 min,Crime TV Shows,A movie about love and the unexpected challenges that change everything.
s01342,Movie,The Lost Treasure 274,Daniel Lee,David Wilson,France,"July 1, 2017",1999,NR,150 min,Music and Musicals,A movie about adventure and the unexpected challenges that change everything.
s01343,TV Show,Dark Secrets 212,John Carter,Neha Patel,Mexico,"May 10, 2016",1994,G,5 Seasons,Documentaries,A tv show about family and the unexpected challenges that change everything.
s01344,TV Show,Ocean of Fire 82,Sofia Martin,Raj Kumar,Canada,"July 10, 2016",2006,TV-MA,3 Seasons,Music and Musicals,A tv show about love and the unexpected challenges that change everything.
s01345,TV Show,Edge of Tomorrow 14,Sarah Williams,Ananya Singh,South Korea,"October 21, 2020",2006,PG,8 Seasons,Thrillers,A tv show about mystery and the unexpected challenges that change everything.
s01346,Movie,Rise of the Phoenix 223,Michael Brown,Rahul Sharma,France,"June 6, 2015",1993,R,95 min,Documentaries,A movie about friendship and the unexpected challenges that change everything.
s01347,Movie,The Golden Road 47,Michael Brown,Emily Stone,Mexico,"November 28, 2018",2000,TV-PG,120 min,Dramas,A movie about ambition and the unexpected challenges that change everything.
s01348,Movie,Beyond the Horizon 205,Aarav Sharma,Emily Stone,Italy,"May 1, 2021",2004,TV-14,135 min,Romantic Movies,A movie about friendship and the unexpected challenges that change everything.
s01349,TV Show,Shadow of the Past 271,Sofia Martin,Amit Verma,India,"June 4, 2015",2017,R,1 Season,Dramas,A tv show about ambition and the unexpected challenges that change everything.
s01350,Movie,Shadow of the Past 247,David Wilson,Sophia Martin,Mexico,"September 23, 2017",2008,TV-PG,150 min,Sci-Fi and Fantasy,A movie about justice and the unexpected challenges that change everything.
s01351,TV Show,Love in Paris 26,Anil Verma,Chris Taylor,Brazil,"May 25, 2020",2014,TV-MA,3 Seasons,International Movies,A tv show about love and the unexpected challenges that change everything.
s01352,Movie,Midnight in Mumbai 154,Aarav Sharma,Vikram Singh,Brazil,"March 23, 2018",2003,TV-PG,150 min,Romantic Movies,A movie about friendship and the unexpected challenges that change everything.
s01353,Movie,Dark Secrets 181,Neha Singh,Chris Taylor,Australia,"April 2, 2015",1992,PG-13,150 min,Sci-Fi and Fantasy,A movie about adventure and the unexpected challenges that change everything.
s01354,TV Show,Love in Paris 298,David Wilson,Michael Brown,India,"November 2, 2021",2008,G,2 Seasons,Horror Movies,A tv show about ambition and the unexpected challenges that change everything.
s01355,Movie,The Last Warrior 76,Aarav Sharma,Sarah Lee,France,"September 30, 2015",2006,TV-PG,150 min,Action and Adventure,A movie about justice and the unexpected challenges that change everything.
s01356,TV Show,The Great Escape 49,Anil Verma,David Wilson,Singapore,"October 4, 2016",2012,G,2 Seasons,Comedies,A tv show about survival and the unexpected challenges that change everything.
s01357,TV Show,Mystery House 200,Neha Singh,Daniel Kim,Japan,"October 27, 2016",2009,TV-14,1 Season,Action and Adventure,A tv show about survival and the unexpected challenges that change everything.
s01358,Movie,The Last Warrior 46,Anil Verma,Raj Kumar,Canada,"December 4, 2019",2003,PG-13,90 min,International Movies,A movie about family and the unexpected challenges that change everything.
s01359,Movie,The Final Mission 189,Raj Mehta,Olivia James,Canada,"February 12, 2016",2011,R,75 min,Documentaries,A movie about mystery and the unexpected challenges that change everything.
s01360,Movie,Lost in the Stars 129,Aarav Sharma,Neha Patel,Brazil,"January 28, 2020",2006,NR,75 min,Comedies,A movie about survival and the unexpected challenges that change everything.
s01361,TV Show,Lost in the Stars 144,Robert Davis,Raj Kumar,South Korea,"February 15, 2018",2015,PG-13,4 Seasons,Horror Movies,A tv show about survival and the unexpected challenges that change everything.
s01362,Movie,Winter Nights 134,James Anderson,Riya Kapoor,United Kingdom,"May 1, 2016",2005,TV-14,110 min,Anime Series,A movie about family and the unexpected challenges that change everything.
s01363,Movie,Code Zero 71,Michael Brown,Raj Kumar,Spain,"May 28, 2015",1998,G,135 min,Comedies,A movie about mystery and the unexpected challenges that change everything.
s01364,Movie,City of Dreams 299,Michael Brown,Chris Taylor,India,"September 19, 2018",2015,TV-14,95 min,Horror Movies,A movie about love and the unexpected challenges that change everything.
s01365,TV Show,Winter Nights 199,David Wilson,Various Artists,Australia,"March 31, 2015",1990,PG,4 Seasons,Thrillers,A tv show about survival and the unexpected challenges that change everything.
s01366,Movie,Hidden Truth 121,Sofia Martin,Vikram Singh,Singapore,"June 21, 2016",2002,G,75 min,Stand-Up Comedy,A movie about adventure and the unexpected challenges that change everything.
s01367,Movie,The Final Mission 63,John Carter,Amit Verma,Spain,"December 24, 2016",1992,NR,82 min,Dramas,A movie about love and the unexpected challenges that change everything.
s01368,TV Show,Winter Nights 68,Robert Davis,Rahul Sharma,Singapore,"December 30, 2018",2018,TV-14,4 Seasons,International Movies,A tv show about justice and the unexpected challenges that change everything.
s01369,Movie,The Forgotten Path 2,David Wilson,Olivia James,United Kingdom,"November 11, 2021",2003,TV-14,101 min,International TV Shows,A movie about survival and the unexpected challenges that change everything.
s01370,Movie,Lost in the Stars 286,John Carter,Priya Shah,Mexico,"September 11, 2016",2006,NR,101 min,Music and Musicals,A movie about mystery and the unexpected challenges that change everything.
s01371,TV Show,Winter Nights 218,Chris Taylor,Amit Verma,India,"March 9, 2018",2001,NR,1 Season,International TV Shows,A tv show about mystery and the unexpected challenges that change everything.
s01372,Movie,Dark Secrets 269,Neha Singh,Vikram Singh,Italy,"May 6, 2020",2003,TV-PG,135 min,International TV Shows,A movie about survival and the unexpected challenges that change everything.
s01373,TV Show,Beyond the Horizon 98,John Carter,Emma Clark,Australia,"October 18, 2019",2001,NR,3 Seasons,Comedies,A tv show about friendship and the unexpected challenges that change everything.
s01374,Movie,The Golden Road 149,Daniel Lee,Rahul Sharma,United States,"May 18, 2021",2017,TV-PG,82 min,Sci-Fi and Fantasy,A movie about ambition and the unexpected challenges that change everything.
s01375,Movie,City of Dreams 66,James Anderson,John Smith,Canada,"September 22, 2017",1999,G,135 min,Action and Adventure,A movie about survival and the unexpected challenges that change everything.
s01376,TV Show,Rise of the Phoenix 87,Chris Taylor,Rahul Sharma,Singapore,"January 20, 2019",2004,NR,1 Season,Action and Adventure,A tv show about love and the unexpected challenges that change everything.
s01377,Movie,The Golden Road 130,Sarah Williams,David Wilson,Brazil,"June 9, 2021",2009,G,95 min,Stand-Up Comedy,A movie about survival and the unexpected challenges that change everything.
s01378,Movie,Lost in the Stars 187,Anil Verma,Arjun Mehta,Spain,"July 23, 2018",2003,NR,95 min,Music and Musicals,A movie about family and the unexpected challenges that change everything.
s01379,Movie,A New Beginning 183,Chris Taylor,Ananya Singh,Australia,"June 17, 2017",2001,TV-PG,135 min,Thrillers,A movie about adventure and the unexpected challenges that change everything.
s01380,Movie,The Forgotten Path 100,Aarav Sharma,Vikram Singh,Brazil,"March 16, 2019",2003,G,75 min,International TV Shows,A movie about ambition and the unexpected challenges that change everything.
s01381,Movie,The Great Escape 238,Priya Kapoor,Ananya Singh,Canada,"March 13, 2019",1995,TV-MA,120 min,Children and Family Movies,A movie about mystery and the unexpected challenges that change everything.
s01382,Movie,Mystery House 192,David Wilson,John Smith,United Kingdom,"June 19, 2020",1993,TV-14,101 min,Stand-Up Comedy,A movie about family and the unexpected challenges that change everything.
s01383,TV Show,Hidden Truth 18,Chris Taylor,Emma Clark,Australia,"October 5, 2015",2001,R,6 Seasons,Children and Family Movies,A tv show about love and the unexpected challenges that change everything.
s01384,Movie,Dangerous Game 123,Aarav Sharma,John Smith,France,"June 29, 2015",2011,PG,101 min,Romantic Movies,A movie about adventure and the unexpected challenges that change everything.
s01385,Movie,Beyond the Horizon 51,Neha Singh,Sophia Martin,Germany,"October 24, 2019",1997,TV-PG,120 min,International TV Shows,A movie about ambition and the unexpected challenges that change everything.
s01386,Movie,Dangerous Game 48,Raj Mehta,Rahul Sharma,Brazil,"December 30, 2017",2008,R,82 min,Thrillers,A movie about survival and the unexpected challenges that change everything.
s01387,TV Show,Future World 84,Anil Verma,Raj Kumar,United Kingdom,"December 3, 2019",2016,NR,2 Seasons,Music and Musicals,A tv show about survival and the unexpected challenges that change everything.
s01388,Movie,The Last Kingdom 135,Neha Singh,Michael Brown,Australia,"August 1, 2021",2016,TV-MA,135 min,Thrillers,A movie about justice and the unexpected challenges that change everything.
s01389,TV Show,Mystery House 192,Sarah Williams,Ananya Singh,Canada,"May 23, 2015",1992,R,4 Seasons,Romantic Movies,A tv show about ambition and the unexpected challenges that change everything.
s01390,Movie,The Final Mission 69,Sofia Martin,Daniel Kim,Canada,"January 13, 2016",2012,TV-MA,110 min,International TV Shows,A movie about friendship and the unexpected challenges that change everything.
s01391,Movie,Hidden Truth 293,Robert Davis,Various Artists,Singapore,"September 13, 2019",1998,TV-14,135 min,Sports Movies,A movie about ambition and the unexpected challenges that change everything.
s01392,Movie,Love in Paris 93,Sofia Martin,Riya Kapoor,Singapore,"November 11, 2018",1995,G,150 min,Crime TV Shows,A movie about family and the unexpected challenges that change everything.
s01393,Movie,Edge of Tomorrow 149,David Wilson,Chris Taylor,France,"March 23, 2018",2014,PG,90 min,Romantic Movies,A movie about ambition and the unexpected challenges that change everything.
s01394,Movie,Dark Secrets 106,Robert Davis,Emma Clark,Italy,"February 26, 2016",2013,PG-13,82 min,Action and Adventure,A movie about family and the unexpected challenges that change everything.
s01395,Movie,Lost in the Stars 119,Raj Mehta,Vikram Singh,France,"June 30, 2016",2003,TV-14,135 min,International Movies,A movie about justice and the unexpected challenges that change everything.
s01396,TV Show,Code Zero 266,Aarav Sharma,Olivia James,Singapore,"November 3, 2017",2001,G,2 Seasons,Documentaries,A tv show about justice and the unexpected challenges that change everything.
s01397,Movie,Into the Wild 119,James Anderson,Emily Stone,Canada,"January 4, 2020",2003,NR,82 min,International TV Shows,A movie about justice and the unexpected challenges that change everything.
s01398,Movie,Love in Paris 169,James Anderson,Raj Kumar,South Korea,"June 29, 2016",1999,R,150 min,Sci-Fi and Fantasy,A movie about mystery and the unexpected challenges that change everything.
s01399,Movie,The Secret Island 145,Emma Johnson,Olivia James,Singapore,"September 25, 2016",1992,G,95 min,Dramas,A movie about ambition and the unexpected challenges that change everything.
s01400,Movie,Midnight in Mumbai 257,Raj Mehta,Raj Kumar,United Kingdom,"June 1, 2017",2001,PG,150 min,Crime TV Shows,A movie about survival and the unexpected challenges that change everything.
s01401,Movie,City of Dreams 4,Neha Singh,Sarah Lee,Australia,"May 20, 2017",1999,G,95 min,Stand-Up Comedy,A movie about friendship and the unexpected challenges that change everything.
s01402,Movie,The Lost Treasure 106,Neha Singh,Amit Verma,Italy,"November 21, 2018",2010,G,90 min,Stand-Up Comedy,A movie about survival and the unexpected challenges that change everything.
s01403,Movie,Code Zero 121,David Wilson,Emma Clark,Canada,"August 2, 2015",1993,TV-14,90 min,International Movies,A movie about ambition and the unexpected challenges that change everything.
s01404,TV Show,Dangerous Game 19,Emma Johnson,Rahul Sharma,United Kingdom,"February 22, 2021",1991,PG,2 Seasons,Action and Adventure,A tv show about family and the unexpected challenges that change everything.
s01405,Movie,The Silent Witness 262,Neha Singh,Raj Kumar,Italy,"January 9, 2018",1997,TV-PG,75 min,Action and Adventure,A movie about ambition and the unexpected challenges that change everything.
s01406,Movie,The Silent Witness 267,Michael Brown,Chris Taylor,Italy,"September 28, 2016",2020,PG,90 min,Documentaries,A movie about adventure and the unexpected challenges that change everything.
s01407,TV Show,Hidden Truth 8,Priya Kapoor,Rahul Sharma,Singapore,"October 22, 2017",2015,R,6 Seasons,Stand-Up Comedy,A tv show about mystery and the unexpected challenges that change everything.
s01408,TV Show,Future World 124,Aarav Sharma,Michael Brown,India,"August 2, 2019",2010,TV-PG,6 Seasons,Dramas,A tv show about family and the unexpected challenges that change everything.
s01409,Movie,The Last Kingdom 10,Chris Taylor,Vikram Singh,India,"January 9, 2017",2010,TV-14,90 min,Sci-Fi and Fantasy,A movie about mystery and the unexpected challenges that change everything.
s01410,TV Show,The Secret Island 112,David Wilson,John Smith,India,"March 9, 2021",1997,NR,8 Seasons,International TV Shows,A tv show about adventure and the unexpected challenges that change everything.
s01411,Movie,Dark Secrets 253,Sarah Williams,Sophia Martin,Brazil,"November 29, 2021",2003,TV-MA,120 min,Action and Adventure,A movie about justice and the unexpected challenges that change everything.
s01412,Movie,Mystery House 242,John Carter,Daniel Kim,Italy,"January 21, 2017",2010,G,120 min,Crime TV Shows,A movie about justice and the unexpected challenges that change everything.
s01413,Movie,The Lost Treasure 149,David Wilson,Priya Shah,Japan,"May 3, 2017",2001,TV-MA,90 min,Comedies,A movie about family and the unexpected challenges that change everything.
s01414,Movie,The Forgotten Path 167,Sofia Martin,Sophia Martin,Spain,"August 22, 2018",2009,TV-MA,90 min,Children and Family Movies,A movie about family and the unexpected challenges that change everything.
s01415,Movie,The Final Mission 135,Raj Mehta,Rahul Sharma,United States,"March 13, 2021",1998,TV-PG,95 min,International TV Shows,A movie about family and the unexpected challenges that change everything.
s01416,TV Show,The Secret Island 294,Priya Kapoor,Raj Kumar,South Korea,"February 26, 2018",2011,TV-PG,2 Seasons,Action and Adventure,A tv show about love and the unexpected challenges that change everything.
s01417,Movie,A New Beginning 86,Emma Johnson,Sophia Martin,Canada,"April 29, 2019",2001,TV-14,110 min,Sci-Fi and Fantasy,A movie about justice and the unexpected challenges that change everything.
s01418,Movie,The Golden Road 145,Arjun Patel,Emma Clark,Australia,"February 9, 2020",2008,G,95 min,Children and Family Movies,A movie about love and the unexpected challenges that change everything.
s01419,Movie,The Final Mission 294,Emma Johnson,David Wilson,India,"August 30, 2015",2013,PG-13,90 min,Horror Movies,A movie about justice and the unexpected challenges that change everything.
s01420,TV Show,Love in Paris 266,Chris Taylor,Emma Clark,Spain,"May 6, 2019",2013,PG-13,8 Seasons,Crime TV Shows,A tv show about family and the unexpected challenges that change everything.
s01421,Movie,The Last Warrior 70,James Anderson,Emma Clark,Canada,"June 25, 2018",2010,PG,110 min,Action and Adventure,A movie about justice and the unexpected challenges that change everything.
s01422,Movie,City of Dreams 39,Aarav Sharma,Various Artists,Japan,"October 5, 2020",2013,G,101 min,International TV Shows,A movie about ambition and the unexpected challenges that change everything.
s01423,Movie,The Silent Witness 18,Sarah Williams,Priya Shah,Brazil,"March 11, 2017",2013,PG,120 min,Romantic Movies,A movie about survival and the unexpected challenges that change everything.
s01424,Movie,Ocean of Fire 244,John Carter,Daniel Kim,Italy,"April 4, 2017",2021,PG,110 min,Thrillers,A movie about survival and the unexpected challenges that change everything.
s01425,TV Show,The Last Kingdom 298,Raj Mehta,Arjun Mehta,Mexico,"June 18, 2020",2016,TV-MA,6 Seasons,Crime TV Shows,A tv show about adventure and the unexpected challenges that change everything.
s01426,TV Show,Rise of the Phoenix 110,Anil Verma,Sarah Lee,Australia,"May 29, 2019",2014,TV-14,4 Seasons,Sci-Fi and Fantasy,A tv show about adventure and the unexpected challenges that change everything.
s01427,Movie,Code Zero 32,Priya Kapoor,Emily Stone,Australia,"May 15, 2020",1999,PG-13,82 min,Anime Series,A movie about ambition and the unexpected challenges that change everything.
s01428,TV Show,The Forgotten Path 279,Anil Verma,Daniel Kim,Canada,"January 25, 2015",1991,TV-MA,8 Seasons,Music and Musicals,A tv show about justice and the unexpected challenges that change everything.
s01429,Movie,Midnight in Mumbai 180,Emma Johnson,Emma Clark,India,"October 5, 2020",1997,TV-14,135 min,Romantic Movies,A movie about survival and the unexpected challenges that change everything.
s01430,TV Show,Broken Hearts 287,James Anderson,Sarah Lee,Spain,"April 1, 2020",2021,TV-MA,3 Seasons,Dramas,A tv show about friendship and the unexpected challenges that change everything.
s01431,Movie,Edge of Tomorrow 232,Chris Taylor,Olivia James,United Kingdom,"March 30, 2016",1990,G,75 min,Comedies,A movie about survival and the unexpected challenges that change everything.
s01432,Movie,Mystery House 258,Raj Mehta,John Smith,Germany,"May 21, 2018",2007,TV-14,120 min,Sci-Fi and Fantasy,A movie about mystery and the unexpected challenges that change everything.
s01433,Movie,The Forgotten Path 226,Sofia Martin,David Wilson,India,"March 26, 2021",2009,PG,135 min,Comedies,A movie about ambition and the unexpected challenges that change everything.
s01434,Movie,Hidden Truth 246,Chris Taylor,Sophia Martin,Singapore,"March 10, 2016",2007,TV-14,110 min,International Movies,A movie about friendship and the unexpected challenges that change everything.
s01435,Movie,Ocean of Fire 72,Aarav Sharma,Raj Kumar,United Kingdom,"November 5, 2020",2018,TV-14,110 min,Anime Series,A movie about adventure and the unexpected challenges that change everything.
s01436,Movie,City of Dreams 172,John Carter,Daniel Kim,Mexico,"April 15, 2019",2010,PG,150 min,Dramas,A movie about friendship and the unexpected challenges that change everything.
s01437,Movie,A New Beginning 177,Aarav Sharma,Emily Stone,United States,"December 9, 2015",2000,PG-13,82 min,Children and Family Movies,A movie about survival and the unexpected challenges that change everything.
s01438,Movie,Desert Storm 186,James Anderson,Michael Brown,Mexico,"July 13, 2015",2015,TV-PG,90 min,Sports Movies,A movie about family and the unexpected challenges that change everything.
s01439,Movie,Shadow of the Past 13,Anil Verma,Amit Verma,Brazil,"March 30, 2018",1997,G,135 min,International Movies,A movie about adventure and the unexpected challenges that change everything.
s01440,Movie,Broken Hearts 42,Arjun Patel,Sophia Martin,Japan,"June 13, 2019",2008,PG,135 min,Documentaries,A movie about family and the unexpected challenges that change everything.
s01441,TV Show,A New Beginning 229,Robert Davis,John Smith,South Korea,"March 7, 2021",2019,R,6 Seasons,Horror Movies,A tv show about family and the unexpected challenges that change everything.
s01442,Movie,Lost in the Stars 279,Arjun Patel,Ananya Singh,Canada,"August 11, 2017",2016,TV-MA,95 min,Sports Movies,A movie about ambition and the unexpected challenges that change everything.
s01443,Movie,The Final Mission 140,Arjun Patel,Emily Stone,South Korea,"October 10, 2019",2013,R,150 min,Crime TV Shows,A movie about mystery and the unexpected challenges that change everything.
s01444,Movie,Desert Storm 18,Chris Taylor,Amit Verma,Singapore,"June 29, 2016",2014,TV-14,90 min,Documentaries,A movie about survival and the unexpected challenges that change everything.
s01445,TV Show,Dark Secrets 5,Chris Taylor,Vikram Singh,Australia,"November 29, 2020",2015,R,8 Seasons,Stand-Up Comedy,A tv show about adventure and the unexpected challenges that change everything.
s01446,Movie,Lost in the Stars 182,Emma Johnson,Emma Clark,United Kingdom,"December 8, 2018",2002,PG-13,82 min,Thrillers,A movie about justice and the unexpected challenges that change everything.
s01447,Movie,The Secret Island 285,Sarah Williams,Emily Stone,Canada,"September 24, 2018",1992,TV-MA,135 min,Romantic Movies,A movie about mystery and the unexpected challenges that change everything.
s01448,TV Show,The Silent Witness 104,Arjun Patel,Various Artists,Germany,"November 7, 2020",2016,PG,3 Seasons,International Movies,A tv show about family and the unexpected challenges that change everything.
s01449,TV Show,Beyond the Horizon 255,Neha Singh,Daniel Kim,United Kingdom,"June 27, 2018",2001,G,5 Seasons,Anime Series,A tv show about survival and the unexpected challenges that change everything.
s01450,Movie,Midnight in Mumbai 156,Chris Taylor,Michael Brown,South Korea,"February 5, 2018",2007,TV-14,75 min,Stand-Up Comedy,A movie about ambition and the unexpected challenges that change everything.
s01451,Movie,The Final Mission 258,Robert Davis,Daniel Kim,France,"December 7, 2021",2020,TV-PG,101 min,Music and Musicals,A movie about ambition and the unexpected challenges that change everything.
s01452,Movie,The Last Kingdom 282,Aarav Sharma,Sarah Lee,India,"September 23, 2017",2015,R,82 min,Comedies,A movie about friendship and the unexpected challenges that change everything.
s01453,TV Show,Broken Hearts 16,Emma Johnson,Sarah Lee,India,"May 12, 2018",2012,TV-14,3 Seasons,Documentaries,A tv show about ambition and the unexpected challenges that change everything.
s01454,Movie,Dark Secrets 254,James Anderson,Emily Stone,Canada,"July 24, 2017",2017,PG-13,135 min,Horror Movies,A movie about love and the unexpected challenges that change everything.
s01455,Movie,The Lost Treasure 32,Priya Kapoor,Riya Kapoor,Italy,"November 25, 2015",2004,PG-13,101 min,Dramas,A movie about family and the unexpected challenges that change everything.
s01456,TV Show,City of Dreams 5,Karan Malhotra,Vikram Singh,Germany,"November 21, 2018",2000,PG-13,8 Seasons,Documentaries,A tv show about love and the unexpected challenges that change everything.
s01457,Movie,The Forgotten Path 181,John Carter,Priya Shah,United Kingdom,"April 7, 2018",2003,PG,135 min,Thrillers,A movie about friendship and the unexpected challenges that change everything.
s01458,Movie,Future World 143,Arjun Patel,Emma Clark,South Korea,"April 16, 2018",1999,TV-MA,90 min,Children and Family Movies,A movie about family and the unexpected challenges that change everything.
s01459,Movie,City of Dreams 127,Raj Mehta,Vikram Singh,South Korea,"January 29, 2017",1996,NR,75 min,Music and Musicals,A movie about adventure and the unexpected challenges that change everything.
s01460,Movie,The Great Escape 255,Sarah Williams,Ananya Singh,Singapore,"November 29, 2017",2004,TV-MA,101 min,Documentaries,A movie about love and the unexpected challenges that change everything.
s01461,Movie,Winter Nights 198,Michael Brown,Emily Stone,India,"February 20, 2020",1990,PG-13,110 min,Sports Movies,A movie about justice and the unexpected challenges that change everything.
s01462,Movie,The Golden Road 11,Sofia Martin,Rahul Sharma,Japan,"June 18, 2017",2001,NR,101 min,International TV Shows,A movie about justice and the unexpected challenges that change everything.
s01463,Movie,The Silent Witness 151,Sofia Martin,Olivia James,Mexico,"January 26, 2015",2018,PG,150 min,Music and Musicals,A movie about family and the unexpected challenges that change everything.
s01464,Movie,A New Beginning 237,Karan Malhotra,Raj Kumar,United Kingdom,"February 20, 2020",2002,G,95 min,Thrillers,A movie about survival and the unexpected challenges that change everything.
s01465,TV Show,The Great Escape 219,Raj Mehta,Sarah Lee,Spain,"October 5, 2017",1996,G,3 Seasons,Horror Movies,A tv show about family and the unexpected challenges that change everything.
s01466,Movie,The Final Mission 151,James Anderson,Emily Stone,Japan,"May 13, 2020",2016,NR,150 min,Romantic Movies,A movie about mystery and the unexpected challenges that change everything.
s01467,TV Show,Edge of Tomorrow 189,Sofia Martin,Arjun Mehta,France,"September 16, 2017",2020,G,3 Seasons,Sci-Fi and Fantasy,A tv show about adventure and the unexpected challenges that change everything.
s01468,Movie,Midnight in Mumbai 104,Karan Malhotra,Arjun Mehta,Singapore,"March 9, 2015",2005,TV-14,120 min,Sports Movies,A movie about survival and the unexpected challenges that change everything.
s01469,TV Show,Hidden Truth 90,Sarah Williams,Raj Kumar,Germany,"May 23, 2017",1994,TV-PG,4 Seasons,Thrillers,A tv show about mystery and the unexpected challenges that change everything.
s01470,TV Show,The Last Warrior 220,Riya Sharma,Priya Shah,Japan,"September 13, 2015",1998,NR,3 Seasons,Action and Adventure,A tv show about mystery and the unexpected challenges that change everything.
s01471,Movie,The Silent Witness 99,Chris Taylor,Ananya Singh,Canada,"October 11, 2015",1994,PG-13,82 min,Comedies,A movie about justice and the unexpected challenges that change everything.
s01472,TV Show,Hidden Truth 226,Raj Mehta,Emma Clark,South Korea,"December 4, 2021",2002,TV-MA,1 Season,Children and Family Movies,A tv show about love and the unexpected challenges that change everything.
s01473,TV Show,Beyond the Horizon 58,Robert Davis,Various Artists,Italy,"October 20, 2018",2003,TV-PG,1 Season,Children and Family Movies,A tv show about love and the unexpected challenges that change everything.
s01474,Movie,The Golden Road 181,Priya Kapoor,Emma Clark,Spain,"December 1, 2017",1990,TV-14,101 min,Documentaries,A movie about friendship and the unexpected challenges that change everything.
s01475,Movie,The Great Escape 56,Sofia Martin,Sarah Lee,Brazil,"March 12, 2015",1998,G,120 min,Stand-Up Comedy,A movie about family and the unexpected challenges that change everything.
s01476,Movie,The Secret Island 101,Emma Johnson,Olivia James,Spain,"May 8, 2018",2021,PG-13,90 min,Anime Series,A movie about survival and the unexpected challenges that change everything.
s01477,TV Show,The Lost Treasure 74,Michael Brown,Daniel Kim,Japan,"June 12, 2021",2000,TV-PG,4 Seasons,Horror Movies,A tv show about mystery and the unexpected challenges that change everything.
s01478,TV Show,Hidden Truth 143,John Carter,Olivia James,Spain,"August 21, 2021",1995,NR,5 Seasons,Romantic Movies,A tv show about ambition and the unexpected challenges that change everything.
s01479,TV Show,The Lost Treasure 261,Neha Singh,Emily Stone,United Kingdom,"September 12, 2021",2018,NR,6 Seasons,Crime TV Shows,A tv show about survival and the unexpected challenges that change everything.
s01480,Movie,Rise of the Phoenix 10,Sofia Martin,Emma Clark,Germany,"July 1, 2015",2001,G,120 min,Sports Movies,A movie about friendship and the unexpected challenges that change everything.
s01481,TV Show,Edge of Tomorrow 4,Riya Sharma,Raj Kumar,Brazil,"October 10, 2017",2020,G,1 Season,Thrillers,A tv show about mystery and the unexpected challenges that change everything.
s01482,Movie,The Lost Treasure 292,Daniel Lee,Neha Patel,Australia,"April 27, 2017",2014,PG,90 min,Sci-Fi and Fantasy,A movie about friendship and the unexpected challenges that change everything.
s01483,Movie,Winter Nights 98,James Anderson,Amit Verma,France,"August 3, 2015",1993,TV-MA,135 min,Sports Movies,A movie about friendship and the unexpected challenges that change everything.
s01484,Movie,Lost in the Stars 9,Aarav Sharma,Michael Brown,Singapore,"April 11, 2015",2018,TV-14,110 min,International Movies,A movie about mystery and the unexpected challenges that change everything.
s01485,Movie,Broken Hearts 146,Arjun Patel,Arjun Mehta,Singapore,"August 25, 2018",2000,TV-MA,82 min,Comedies,A movie about adventure and the unexpected challenges that change everything.
s01486,Movie,Code Zero 63,Michael Brown,Rahul Sharma,Mexico,"March 14, 2019",2014,NR,90 min,Documentaries,A movie about love and the unexpected challenges that change everything.
s01487,Movie,Hidden Truth 105,Robert Davis,Raj Kumar,Brazil,"August 14, 2015",2003,NR,95 min,International Movies,A movie about family and the unexpected challenges that change everything.
s01488,Movie,The Silent Witness 255,Michael Brown,Vikram Singh,India,"February 10, 2017",2002,TV-14,95 min,Horror Movies,A movie about family and the unexpected challenges that change everything.
s01489,Movie,The Great Escape 207,Raj Mehta,Various Artists,Germany,"March 9, 2016",2017,G,75 min,International Movies,A movie about mystery and the unexpected challenges that change everything.
s01490,Movie,Dark Secrets 234,Arjun Patel,Priya Shah,Singapore,"May 15, 2017",1990,R,150 min,Children and Family Movies,A movie about justice and the unexpected challenges that change everything.
s01491,Movie,Dream Catcher 251,Sarah Williams,Emma Clark,United Kingdom,"August 12, 2021",2016,TV-MA,90 min,Thrillers,A movie about adventure and the unexpected challenges that change everything.
s01492,Movie,City of Dreams 174,Karan Malhotra,Rahul Sharma,Canada,"May 5, 2017",1999,NR,135 min,Sci-Fi and Fantasy,A movie about mystery and the unexpected challenges that change everything.
s01493,Movie,Future World 294,Sarah Williams,Neha Patel,Germany,"July 14, 2016",2012,PG,101 min,Stand-Up Comedy,A movie about ambition and the unexpected challenges that change everything.
s01494,Movie,Desert Storm 132,Sarah Williams,Chris Taylor,France,"March 19, 2018",2006,G,90 min,Dramas,A movie about mystery and the unexpected challenges that change everything.
s01495,Movie,Rise of the Phoenix 199,Sarah Williams,Neha Patel,France,"October 7, 2020",2012,TV-MA,101 min,Comedies,A movie about justice and the unexpected challenges that change everything.
s01496,Movie,Midnight in Mumbai 49,Sofia Martin,Amit Verma,Germany,"June 16, 2017",2013,NR,101 min,Dramas,A movie about love and the unexpected challenges that change everything.
s01497,Movie,Beyond the Horizon 239,Karan Malhotra,Various Artists,Canada,"September 4, 2015",2020,PG,150 min,Stand-Up Comedy,A movie about family and the unexpected challenges that change everything.
s01498,Movie,City of Dreams 48,Michael Brown,Riya Kapoor,Italy,"April 6, 2018",2008,PG,135 min,Thrillers,A movie about mystery and the unexpected challenges that change everything.
s01499,Movie,The Lost Treasure 98,Robert Davis,David Wilson,India,"January 9, 2020",2012,NR,120 min,Music and Musicals,A movie about love and the unexpected challenges that change everything.
s01500,TV Show,Broken Hearts 80,Karan Malhotra,Various Artists,Japan,"November 19, 2016",2014,TV-PG,6 Seasons,Crime TV Shows,A tv show about survival and the unexpected challenges that change everything.
s01501,Movie,Broken Hearts 27,James Anderson,John Smith,United States,"January 24, 2019",1993,TV-MA,90 min,Documentaries,A movie about family and the unexpected challenges that change everything.
s01502,Movie,Future World 195,Sarah Williams,Sophia Martin,Italy,"August 17, 2017",2011,NR,110 min,Documentaries,A movie about adventure and the unexpected challenges that change everything.
s01503,Movie,The Last Kingdom 242,David Wilson,David Wilson,Brazil,"February 11, 2018",2012,G,82 min,Comedies,A movie about mystery and the unexpected challenges that change everything.
s01504,Movie,The Last Kingdom 76,Aarav Sharma,John Smith,Germany,"July 18, 2019",2012,PG,75 min,Romantic Movies,A movie about survival and the unexpected challenges that change everything.
s01505,Movie,The Last Kingdom 196,Chris Taylor,David Wilson,United Kingdom,"February 1, 2019",2020,R,95 min,Children and Family Movies,A movie about justice and the unexpected challenges that change everything.
s01506,Movie,Rise of the Phoenix 151,Robert Davis,Sarah Lee,Canada,"July 26, 2015",2017,TV-PG,120 min,Horror Movies,A movie about family and the unexpected challenges that change everything.
s01507,Movie,Broken Hearts 145,Raj Mehta,Emily Stone,Canada,"June 14, 2015",2007,TV-MA,90 min,Dramas,A movie about survival and the unexpected challenges that change everything.
s01508,Movie,Winter Nights 45,Neha Singh,Neha Patel,Australia,"September 15, 2020",2007,TV-14,110 min,Romantic Movies,A movie about justice and the unexpected challenges that change everything.
s01509,Movie,The Final Mission 62,Priya Kapoor,Neha Patel,Singapore,"March 3, 2021",1993,NR,150 min,International TV Shows,A movie about survival and the unexpected challenges that change everything.
s01510,TV Show,The Last Warrior 19,Riya Sharma,Amit Verma,Brazil,"May 17, 2017",2002,TV-14,4 Seasons,Anime Series,A tv show about ambition and the unexpected challenges that change everything.
s01511,TV Show,Dream Catcher 117,John Carter,Neha Patel,India,"October 11, 2021",1993,TV-PG,8 Seasons,Sci-Fi and Fantasy,A tv show about family and the unexpected challenges that change everything.
s01512,Movie,The Last Kingdom 194,Arjun Patel,Sarah Lee,United States,"June 29, 2016",1994,PG,75 min,Documentaries,A movie about mystery and the unexpected challenges that change everything.
s01513,TV Show,Edge of Tomorrow 266,Emma Johnson,David Wilson,Mexico,"February 24, 2015",2021,PG,1 Season,Romantic Movies,A tv show about mystery and the unexpected challenges that change everything.
s01514,Movie,Lost in the Stars 297,Riya Sharma,Neha Patel,Canada,"February 11, 2015",2002,PG-13,120 min,Comedies,A movie about family and the unexpected challenges that change everything.
s01515,Movie,Broken Hearts 10,Arjun Patel,Michael Brown,Italy,"August 19, 2015",1995,TV-MA,75 min,Crime TV Shows,A movie about ambition and the unexpected challenges that change everything.
s01516,Movie,A New Beginning 128,Priya Kapoor,Arjun Mehta,Brazil,"January 7, 2019",2008,TV-MA,90 min,Horror Movies,A movie about survival and the unexpected challenges that change everything.
s01517,Movie,Edge of Tomorrow 193,Aarav Sharma,Sarah Lee,Germany,"September 5, 2021",2017,TV-14,75 min,International TV Shows,A movie about family and the unexpected challenges that change everything.
s01518,TV Show,Love in Paris 231,John Carter,Rahul Sharma,Germany,"May 30, 2017",2003,TV-PG,3 Seasons,Comedies,A tv show about family and the unexpected challenges that change everything.
s01519,Movie,Midnight in Mumbai 30,Arjun Patel,Various Artists,Canada,"March 26, 2015",2010,PG,120 min,Music and Musicals,A movie about mystery and the unexpected challenges that change everything.
s01520,TV Show,The Lost Treasure 265,Daniel Lee,Raj Kumar,United States,"February 18, 2015",2006,TV-MA,8 Seasons,Horror Movies,A tv show about ambition and the unexpected challenges that change everything.
s01521,Movie,Future World 58,Raj Mehta,Rahul Sharma,Germany,"March 10, 2015",2014,TV-MA,120 min,Stand-Up Comedy,A movie about love and the unexpected challenges that change everything.
s01522,TV Show,Love in Paris 296,Neha Singh,Rahul Sharma,United Kingdom,"December 1, 2021",1995,TV-14,4 Seasons,International Movies,A tv show about survival and the unexpected challenges that change everything.
s01523,Movie,Beyond the Horizon 147,Priya Kapoor,Arjun Mehta,France,"May 18, 2019",1993,TV-MA,95 min,Documentaries,A movie about family and the unexpected challenges that change everything.
s01524,Movie,Broken Hearts 97,Raj Mehta,Sarah Lee,France,"February 13, 2020",2019,TV-MA,75 min,Documentaries,A movie about friendship and the unexpected challenges that change everything.
s01525,Movie,Lost in the Stars 43,Aarav Sharma,Amit Verma,Germany,"March 18, 2021",2006,TV-PG,101 min,Comedies,A movie about survival and the unexpected challenges that change everything.
s01526,Movie,Beyond the Horizon 108,Daniel Lee,Olivia James,United Kingdom,"November 2, 2018",1999,G,135 min,International Movies,A movie about family and the unexpected challenges that change everything.
s01527,Movie,Lost in the Stars 262,Emma Johnson,Rahul Sharma,Canada,"November 12, 2020",2014,NR,110 min,Documentaries,A movie about justice and the unexpected challenges that change everything.
s01528,Movie,Desert Storm 71,Robert Davis,Riya Kapoor,Brazil,"June 15, 2017",2015,PG-13,95 min,Children and Family Movies,A movie about survival and the unexpected challenges that change everything.
s01529,TV Show,Desert Storm 21,Riya Sharma,Various Artists,India,"March 16, 2021",2017,TV-MA,3 Seasons,Anime Series,A tv show about justice and the unexpected challenges that change everything.
s01530,Movie,A New Beginning 80,John Carter,Daniel Kim,United Kingdom,"May 7, 2015",2013,R,101 min,Horror Movies,A movie about family and the unexpected challenges that change everything.
s01531,Movie,Beyond the Horizon 182,Michael Brown,Ananya Singh,Canada,"September 9, 2017",2014,NR,135 min,International Movies,A movie about friendship and the unexpected challenges that change everything.
s01532,Movie,The Great Escape 5,Aarav Sharma,Michael Brown,Japan,"June 5, 2015",2013,G,101 min,Action and Adventure,A movie about friendship and the unexpected challenges that change everything.
s01533,Movie,A New Beginning 18,James Anderson,Sophia Martin,United States,"December 18, 2019",2004,G,120 min,Sports Movies,A movie about friendship and the unexpected challenges that change everything.
s01534,Movie,Ocean of Fire 57,Priya Kapoor,David Wilson,United Kingdom,"September 30, 2019",2018,G,150 min,Comedies,A movie about mystery and the unexpected challenges that change everything.
s01535,Movie,Midnight in Mumbai 193,Riya Sharma,Riya Kapoor,United States,"January 19, 2015",2002,PG,101 min,Horror Movies,A movie about friendship and the unexpected challenges that change everything.
s01536,Movie,The Forgotten Path 277,Neha Singh,Emma Clark,Brazil,"November 11, 2018",1992,TV-MA,82 min,Stand-Up Comedy,A movie about mystery and the unexpected challenges that change everything.
s01537,Movie,Dream Catcher 40,Riya Sharma,Chris Taylor,France,"January 14, 2017",1992,PG-13,90 min,Stand-Up Comedy,A movie about justice and the unexpected challenges that change everything.
s01538,Movie,The Golden Road 127,Daniel Lee,Amit Verma,United States,"March 22, 2018",2002,PG-13,101 min,Action and Adventure,A movie about adventure and the unexpected challenges that change everything.
s01539,Movie,Winter Nights 55,Riya Sharma,Olivia James,South Korea,"September 24, 2017",2009,G,75 min,Children and Family Movies,A movie about survival and the unexpected challenges that change everything.
s01540,Movie,A New Beginning 172,Emma Johnson,Vikram Singh,United States,"December 30, 2018",2002,TV-14,101 min,Crime TV Shows,A movie about mystery and the unexpected challenges that change everything.
s01541,Movie,Dream Catcher 198,David Wilson,Chris Taylor,Germany,"April 22, 2018",2008,TV-MA,135 min,Dramas,A movie about justice and the unexpected challenges that change everything.
s01542,Movie,Midnight in Mumbai 87,Sofia Martin,Sophia Martin,Italy,"January 8, 2016",1998,R,120 min,Comedies,A movie about family and the unexpected challenges that change everything.
s01543,Movie,A New Beginning 275,Riya Sharma,Arjun Mehta,India,"April 28, 2017",2008,NR,90 min,Children and Family Movies,A movie about mystery and the unexpected challenges that change everything.
s01544,Movie,A New Beginning 118,Arjun Patel,Amit Verma,Canada,"May 18, 2016",2020,TV-PG,90 min,Comedies,A movie about adventure and the unexpected challenges that change everything.
s01545,TV Show,The Last Kingdom 276,Aarav Sharma,Priya Shah,Italy,"September 20, 2020",1998,NR,5 Seasons,Crime TV Shows,A tv show about friendship and the unexpected challenges that change everything.
s01546,Movie,Into the Wild 283,Daniel Lee,Ananya Singh,Mexico,"November 6, 2017",2004,PG-13,101 min,Dramas,A movie about survival and the unexpected challenges that change everything.
s01547,TV Show,Into the Wild 63,Aarav Sharma,Vikram Singh,Canada,"September 15, 2015",2019,PG,1 Season,Action and Adventure,A tv show about justice and the unexpected challenges that change everything.
s01548,Movie,The Last Kingdom 17,Karan Malhotra,John Smith,Canada,"November 8, 2017",1994,R,110 min,International TV Shows,A movie about ambition and the unexpected challenges that change everything.
s01549,Movie,Lost in the Stars 246,Neha Singh,Olivia James,United Kingdom,"February 27, 2016",2016,TV-MA,110 min,International TV Shows,A movie about survival and the unexpected challenges that change everything.
s01550,Movie,Love in Paris 39,Sofia Martin,Sophia Martin,Japan,"January 9, 2018",1993,TV-MA,90 min,International TV Shows,A movie about friendship and the unexpected challenges that change everything.
s01551,TV Show,Hidden Truth 197,Michael Brown,Neha Patel,United States,"October 7, 2021",2019,TV-14,5 Seasons,Horror Movies,A tv show about survival and the unexpected challenges that change everything.
s01552,Movie,Code Zero 196,Karan Malhotra,Neha Patel,Mexico,"July 23, 2015",2013,PG,95 min,Stand-Up Comedy,A movie about friendship and the unexpected challenges that change everything.
s01553,TV Show,Future World 196,Michael Brown,David Wilson,Brazil,"May 21, 2021",2008,TV-14,1 Season,Documentaries,A tv show about ambition and the unexpected challenges that change everything.
s01554,TV Show,Into the Wild 14,Sarah Williams,Various Artists,Brazil,"August 15, 2019",1994,TV-MA,5 Seasons,Music and Musicals,A tv show about justice and the unexpected challenges that change everything.
s01555,Movie,The Forgotten Path 57,Emma Johnson,Daniel Kim,Singapore,"May 15, 2020",2008,PG-13,95 min,Crime TV Shows,A movie about adventure and the unexpected challenges that change everything.
s01556,Movie,The Lost Treasure 210,Sofia Martin,Sarah Lee,Germany,"February 18, 2017",2006,PG,82 min,Documentaries,A movie about justice and the unexpected challenges that change everything.
s01557,Movie,The Golden Road 203,Neha Singh,Riya Kapoor,India,"March 8, 2017",1992,PG,150 min,Action and Adventure,A movie about survival and the unexpected challenges that change everything.
s01558,Movie,Mystery House 209,Arjun Patel,Vikram Singh,Canada,"July 26, 2018",1990,NR,120 min,Documentaries,A movie about love and the unexpected challenges that change everything.
s01559,TV Show,Edge of Tomorrow 252,Riya Sharma,Sarah Lee,Brazil,"August 4, 2018",1998,G,6 Seasons,Thrillers,A tv show about mystery and the unexpected challenges that change everything.
s01560,TV Show,The Lost Treasure 188,Robert Davis,Arjun Mehta,South Korea,"May 7, 2021",2018,TV-14,1 Season,Anime Series,A tv show about ambition and the unexpected challenges that change everything.
s01561,Movie,Code Zero 214,Michael Brown,Neha Patel,Germany,"February 23, 2016",2016,R,90 min,Sports Movies,A movie about friendship and the unexpected challenges that change everything.
s01562,Movie,City of Dreams 76,Sarah Williams,Emma Clark,Japan,"October 20, 2018",2009,NR,82 min,Thrillers,A movie about friendship and the unexpected challenges that change everything.
s01563,TV Show,Dangerous Game 109,Neha Singh,Raj Kumar,Mexico,"October 16, 2021",1990,TV-PG,1 Season,Thrillers,A tv show about ambition and the unexpected challenges that change everything.
s01564,Movie,The Secret Island 47,Neha Singh,Riya Kapoor,United Kingdom,"March 26, 2019",2016,G,150 min,Documentaries,A movie about mystery and the unexpected challenges that change everything.
s01565,TV Show,The Last Kingdom 96,Anil Verma,Arjun Mehta,Spain,"January 25, 2020",2019,TV-14,6 Seasons,Comedies,A tv show about family and the unexpected challenges that change everything.
s01566,Movie,The Golden Road 146,Sofia Martin,Chris Taylor,France,"April 13, 2015",2005,NR,120 min,Sci-Fi and Fantasy,A movie about justice and the unexpected challenges that change everything.
s01567,Movie,Desert Storm 18,Michael Brown,Priya Shah,Mexico,"October 22, 2019",2016,TV-14,90 min,Dramas,A movie about survival and the unexpected challenges that change everything.
s01568,Movie,Future World 82,Chris Taylor,David Wilson,South Korea,"November 9, 2016",2001,NR,90 min,Children and Family Movies,A movie about family and the unexpected challenges that change everything.
s01569,Movie,Ocean of Fire 254,Robert Davis,Sophia Martin,South Korea,"May 27, 2019",1991,TV-MA,150 min,Anime Series,A movie about mystery and the unexpected challenges that change everything.
s01570,Movie,The Forgotten Path 38,James Anderson,Arjun Mehta,Brazil,"July 20, 2017",2016,TV-PG,90 min,Comedies,A movie about adventure and the unexpected challenges that change everything.
s01571,Movie,Love in Paris 201,Karan Malhotra,Michael Brown,Spain,"September 6, 2021",2003,PG,82 min,International TV Shows,A movie about mystery and the unexpected challenges that change everything.
s01572,Movie,City of Dreams 179,Sarah Williams,Olivia James,Japan,"July 2, 2018",1992,NR,135 min,Documentaries,A movie about love and the unexpected challenges that change everything.
s01573,TV Show,Hidden Truth 220,Emma Johnson,Vikram Singh,Brazil,"August 16, 2016",2019,TV-14,2 Seasons,Children and Family Movies,A tv show about love and the unexpected challenges that change everything.
s01574,TV Show,The Last Kingdom 167,Priya Kapoor,Rahul Sharma,Singapore,"October 24, 2017",2009,TV-PG,1 Season,Comedies,A tv show about adventure and the unexpected challenges that change everything.
s01575,Movie,The Silent Witness 204,Arjun Patel,Raj Kumar,South Korea,"August 17, 2017",1991,R,101 min,Anime Series,A movie about justice and the unexpected challenges that change everything.
s01576,Movie,Code Zero 206,Michael Brown,Chris Taylor,Japan,"April 1, 2021",2011,TV-14,82 min,Sports Movies,A movie about ambition and the unexpected challenges that change everything.
s01577,Movie,The Great Escape 166,Emma Johnson,John Smith,Singapore,"March 26, 2017",2012,TV-PG,101 min,International Movies,A movie about survival and the unexpected challenges that change everything.
s01578,Movie,The Lost Treasure 88,John Carter,Sarah Lee,Mexico,"March 9, 2015",2014,TV-14,110 min,Romantic Movies,A movie about survival and the unexpected challenges that change everything.
s01579,Movie,A New Beginning 135,Chris Taylor,Various Artists,Italy,"August 10, 2020",2014,TV-14,110 min,Comedies,A movie about ambition and the unexpected challenges that change everything.
s01580,Movie,The Last Kingdom 140,Karan Malhotra,Arjun Mehta,Canada,"October 6, 2018",1999,TV-MA,75 min,Documentaries,A movie about love and the unexpected challenges that change everything.
s01581,Movie,Broken Hearts 108,James Anderson,Sarah Lee,Italy,"December 20, 2020",2007,R,101 min,Music and Musicals,A movie about love and the unexpected challenges that change everything.
s01582,Movie,The Great Escape 146,David Wilson,Sophia Martin,Japan,"October 13, 2018",1991,TV-PG,95 min,Action and Adventure,A movie about adventure and the unexpected challenges that change everything.
s01583,Movie,The Silent Witness 108,Neha Singh,John Smith,Germany,"August 8, 2016",2015,R,90 min,Comedies,A movie about ambition and the unexpected challenges that change everything.
s01584,Movie,Desert Storm 196,Emma Johnson,Vikram Singh,France,"August 26, 2020",1996,R,110 min,Music and Musicals,A movie about love and the unexpected challenges that change everything.
s01585,TV Show,The Secret Island 297,Robert Davis,Sarah Lee,Japan,"November 14, 2015",2020,NR,4 Seasons,Stand-Up Comedy,A tv show about survival and the unexpected challenges that change everything.
s01586,Movie,Into the Wild 252,Arjun Patel,Olivia James,India,"July 27, 2020",2016,R,82 min,Sci-Fi and Fantasy,A movie about ambition and the unexpected challenges that change everything.
s01587,Movie,Rise of the Phoenix 119,Anil Verma,Sarah Lee,Italy,"May 17, 2016",1991,G,82 min,Romantic Movies,A movie about justice and the unexpected challenges that change everything.
s01588,Movie,The Forgotten Path 45,Sarah Williams,Riya Kapoor,Mexico,"December 10, 2016",2015,G,90 min,Music and Musicals,A movie about justice and the unexpected challenges that change everything.
s01589,Movie,The Last Warrior 44,Neha Singh,Sarah Lee,United States,"February 22, 2016",2004,PG-13,101 min,Horror Movies,A movie about ambition and the unexpected challenges that change everything.
s01590,Movie,Midnight in Mumbai 178,Riya Sharma,Arjun Mehta,Japan,"January 6, 2018",1994,PG,120 min,Stand-Up Comedy,A movie about justice and the unexpected challenges that change everything.
s01591,Movie,Love in Paris 3,James Anderson,Michael Brown,United States,"December 10, 2018",2011,PG-13,135 min,Documentaries,A movie about survival and the unexpected challenges that change everything.
s01592,TV Show,Mystery House 51,Aarav Sharma,Olivia James,Germany,"March 15, 2015",1992,G,2 Seasons,Romantic Movies,A tv show about adventure and the unexpected challenges that change everything.
s01593,Movie,Winter Nights 93,Sarah Williams,Vikram Singh,Spain,"May 23, 2016",2005,PG,90 min,Dramas,A movie about friendship and the unexpected challenges that change everything.
s01594,Movie,The Lost Treasure 7,James Anderson,John Smith,Brazil,"October 18, 2016",2002,PG,110 min,Action and Adventure,A movie about friendship and the unexpected challenges that change everything.
s01595,TV Show,Code Zero 4,Priya Kapoor,Riya Kapoor,Australia,"October 31, 2018",1999,R,2 Seasons,Stand-Up Comedy,A tv show about adventure and the unexpected challenges that change everything.
s01596,Movie,Hidden Truth 52,David Wilson,Riya Kapoor,South Korea,"April 2, 2019",1995,G,95 min,Documentaries,A movie about friendship and the unexpected challenges that change everything.
s01597,Movie,Midnight in Mumbai 219,Raj Mehta,Various Artists,India,"November 21, 2015",2002,G,135 min,Comedies,A movie about love and the unexpected challenges that change everything.
s01598,Movie,Hidden Truth 24,Robert Davis,Raj Kumar,Canada,"October 4, 2015",1995,R,75 min,Children and Family Movies,A movie about family and the unexpected challenges that change everything.
s01599,Movie,Dangerous Game 259,James Anderson,David Wilson,United Kingdom,"June 1, 2015",1993,PG-13,82 min,Action and Adventure,A movie about family and the unexpected challenges that change everything.
s01600,TV Show,Code Zero 168,Neha Singh,Raj Kumar,United States,"May 18, 2017",2005,TV-PG,1 Season,Stand-Up Comedy,A tv show about adventure and the unexpected challenges that change everything.
s01601,Movie,Dangerous Game 291,Robert Davis,Arjun Mehta,France,"November 6, 2015",2020,TV-MA,101 min,Children and Family Movies,A movie about justice and the unexpected challenges that change everything.
s01602,Movie,The Final Mission 296,Sarah Williams,Michael Brown,Italy,"April 17, 2016",2002,NR,120 min,Sci-Fi and Fantasy,A movie about ambition and the unexpected challenges that change everything.
s01603,Movie,Lost in the Stars 141,Daniel Lee,Emma Clark,Australia,"March 24, 2017",2016,PG-13,135 min,Sci-Fi and Fantasy,A movie about adventure and the unexpected challenges that change everything.
s01604,Movie,Dark Secrets 273,Raj Mehta,Sophia Martin,Mexico,"April 28, 2021",1993,G,110 min,International Movies,A movie about justice and the unexpected challenges that change everything.
s01605,Movie,Ocean of Fire 241,Raj Mehta,David Wilson,Brazil,"November 3, 2019",1992,R,135 min,International TV Shows,A movie about justice and the unexpected challenges that change everything.
s01606,Movie,Broken Hearts 258,Sarah Williams,Olivia James,South Korea,"February 16, 2020",2014,TV-PG,82 min,International Movies,A movie about love and the unexpected challenges that change everything.
s01607,Movie,The Final Mission 66,Arjun Patel,Neha Patel,Canada,"June 29, 2015",2009,TV-14,90 min,Stand-Up Comedy,A movie about justice and the unexpected challenges that change everything.
s01608,TV Show,Code Zero 171,Daniel Lee,Ananya Singh,Brazil,"October 3, 2018",2016,NR,3 Seasons,Anime Series,A tv show about mystery and the unexpected challenges that change everything.
s01609,Movie,The Golden Road 22,Anil Verma,Amit Verma,United States,"November 26, 2021",2004,PG,120 min,Dramas,A movie about mystery and the unexpected challenges that change everything.
s01610,Movie,Desert Storm 227,Priya Kapoor,Rahul Sharma,Brazil,"February 4, 2018",2017,NR,150 min,Music and Musicals,A movie about survival and the unexpected challenges that change everything.
s01611,TV Show,Mystery House 216,Daniel Lee,Arjun Mehta,Germany,"March 17, 2016",1994,NR,5 Seasons,Action and Adventure,A tv show about family and the unexpected challenges that change everything.
s01612,Movie,Love in Paris 103,John Carter,David Wilson,United Kingdom,"November 1, 2020",1996,TV-MA,90 min,International Movies,A movie about love and the unexpected challenges that change everything.
s01613,Movie,The Final Mission 297,Chris Taylor,Emily Stone,United States,"November 2, 2017",2014,G,135 min,Romantic Movies,A movie about justice and the unexpected challenges that change everything.
s01614,Movie,Shadow of the Past 268,Riya Sharma,Emma Clark,France,"May 7, 2016",2002,TV-MA,101 min,International Movies,A movie about ambition and the unexpected challenges that change everything.
s01615,Movie,Hidden Truth 57,Emma Johnson,Various Artists,South Korea,"February 17, 2018",1997,PG,90 min,Thrillers,A movie about mystery and the unexpected challenges that change everything.
s01616,Movie,Code Zero 173,Priya Kapoor,Vikram Singh,Mexico,"October 1, 2016",1992,PG,150 min,Children and Family Movies,A movie about justice and the unexpected challenges that change everything.
s01617,TV Show,Rise of the Phoenix 5,Priya Kapoor,Arjun Mehta,Mexico,"September 16, 2015",2015,TV-PG,2 Seasons,Music and Musicals,A tv show about friendship and the unexpected challenges that change everything.
s01618,Movie,The Forgotten Path 117,Neha Singh,Priya Shah,United Kingdom,"June 6, 2016",2013,NR,82 min,Dramas,A movie about mystery and the unexpected challenges that change everything.
s01619,Movie,Desert Storm 116,Priya Kapoor,Daniel Kim,Mexico,"April 13, 2020",1991,TV-14,150 min,Sports Movies,A movie about survival and the unexpected challenges that change everything.
s01620,TV Show,The Last Kingdom 66,Aarav Sharma,Vikram Singh,Germany,"April 18, 2017",1995,TV-PG,1 Season,International TV Shows,A tv show about adventure and the unexpected challenges that change everything.
s01621,Movie,Beyond the Horizon 20,Raj Mehta,Daniel Kim,Japan,"October 30, 2021",2014,PG-13,120 min,Sci-Fi and Fantasy,A movie about survival and the unexpected challenges that change everything.
s01622,Movie,The Last Warrior 199,James Anderson,Michael Brown,Australia,"May 23, 2020",1996,R,82 min,Thrillers,A movie about family and the unexpected challenges that change everything.
s01623,Movie,The Golden Road 91,Priya Kapoor,Michael Brown,United Kingdom,"April 30, 2019",2003,PG-13,82 min,Thrillers,A movie about ambition and the unexpected challenges that change everything.
s01624,TV Show,The Forgotten Path 166,Emma Johnson,Vikram Singh,Italy,"December 29, 2017",1991,NR,2 Seasons,Romantic Movies,A tv show about friendship and the unexpected challenges that change everything.
s01625,Movie,The Lost Treasure 89,Daniel Lee,Daniel Kim,India,"March 11, 2021",2004,TV-PG,90 min,Romantic Movies,A movie about justice and the unexpected challenges that change everything.
s01626,Movie,Dream Catcher 72,Raj Mehta,Arjun Mehta,India,"November 23, 2019",1994,TV-MA,90 min,Sports Movies,A movie about ambition and the unexpected challenges that change everything.
s01627,Movie,Future World 52,Arjun Patel,Arjun Mehta,Japan,"February 18, 2015",1990,TV-14,95 min,Stand-Up Comedy,A movie about ambition and the unexpected challenges that change everything.
s01628,Movie,Winter Nights 239,James Anderson,Sophia Martin,South Korea,"July 8, 2019",1994,PG-13,150 min,Crime TV Shows,A movie about family and the unexpected challenges that change everything.
s01629,Movie,The Secret Island 293,Priya Kapoor,Priya Shah,Italy,"April 4, 2018",2019,PG-13,90 min,Anime Series,A movie about justice and the unexpected challenges that change everything.
s01630,Movie,The Great Escape 138,Emma Johnson,Emily Stone,Australia,"April 23, 2016",2004,G,110 min,Romantic Movies,A movie about friendship and the unexpected challenges that change everything.
s01631,TV Show,Dream Catcher 123,Sofia Martin,Chris Taylor,Brazil,"November 12, 2016",2005,PG,6 Seasons,Anime Series,A tv show about adventure and the unexpected challenges that change everything.
s01632,Movie,The Last Warrior 82,Riya Sharma,Daniel Kim,France,"August 16, 2018",2012,PG,90 min,Dramas,A movie about adventure and the unexpected challenges that change everything.
s01633,Movie,Rise of the Phoenix 16,Sofia Martin,Various Artists,Canada,"March 22, 2021",2011,TV-MA,101 min,Crime TV Shows,A movie about family and the unexpected challenges that change everything.
s01634,TV Show,Edge of Tomorrow 98,Sofia Martin,Michael Brown,Australia,"June 12, 2015",2017,TV-MA,5 Seasons,Children and Family Movies,A tv show about friendship and the unexpected challenges that change everything.
s01635,TV Show,Mystery House 169,Emma Johnson,Sophia Martin,France,"July 25, 2021",2005,TV-MA,6 Seasons,Children and Family Movies,A tv show about mystery and the unexpected challenges that change everything.
s01636,Movie,Mystery House 92,Aarav Sharma,Neha Patel,Singapore,"January 25, 2020",2010,TV-MA,135 min,Sports Movies,A movie about justice and the unexpected challenges that change everything.
s01637,Movie,City of Dreams 128,Arjun Patel,Rahul Sharma,Brazil,"February 26, 2020",1996,TV-14,75 min,International TV Shows,A movie about friendship and the unexpected challenges that change everything.
s01638,Movie,The Last Warrior 47,Michael Brown,Priya Shah,Singapore,"December 20, 2018",2010,TV-PG,82 min,Anime Series,A movie about family and the unexpected challenges that change everything.
s01639,TV Show,Midnight in Mumbai 226,Chris Taylor,Ananya Singh,South Korea,"November 5, 2021",2010,TV-14,8 Seasons,Children and Family Movies,A tv show about adventure and the unexpected challenges that change everything.
s01640,TV Show,Mystery House 224,Raj Mehta,Arjun Mehta,Singapore,"April 18, 2020",2015,PG,6 Seasons,Romantic Movies,A tv show about survival and the unexpected challenges that change everything.
s01641,Movie,Code Zero 147,Raj Mehta,David Wilson,France,"December 17, 2015",1998,TV-MA,82 min,Horror Movies,A movie about love and the unexpected challenges that change everything.
s01642,TV Show,The Golden Road 182,Emma Johnson,John Smith,United Kingdom,"December 15, 2015",2018,NR,1 Season,Children and Family Movies,A tv show about adventure and the unexpected challenges that change everything.
s01643,Movie,Desert Storm 179,Karan Malhotra,Emma Clark,United Kingdom,"October 14, 2017",1996,TV-MA,101 min,Children and Family Movies,A movie about survival and the unexpected challenges that change everything.
s01644,Movie,The Last Kingdom 3,Anil Verma,Chris Taylor,Spain,"February 10, 2017",2013,TV-14,135 min,Action and Adventure,A movie about family and the unexpected challenges that change everything.
s01645,Movie,Edge of Tomorrow 29,John Carter,Priya Shah,Mexico,"October 12, 2020",2009,TV-14,90 min,Crime TV Shows,A movie about friendship and the unexpected challenges that change everything.
s01646,TV Show,Winter Nights 203,David Wilson,Raj Kumar,Canada,"November 14, 2020",2016,PG,4 Seasons,Action and Adventure,A tv show about adventure and the unexpected challenges that change everything.
s01647,Movie,Hidden Truth 39,Priya Kapoor,Amit Verma,Japan,"August 30, 2020",2020,TV-MA,120 min,Sci-Fi and Fantasy,A movie about love and the unexpected challenges that change everything.
s01648,TV Show,A New Beginning 46,Michael Brown,Neha Patel,South Korea,"January 30, 2018",1991,G,2 Seasons,Horror Movies,A tv show about mystery and the unexpected challenges that change everything.
s01649,TV Show,The Secret Island 123,Priya Kapoor,Priya Shah,Japan,"February 8, 2018",1990,PG-13,6 Seasons,Sports Movies,A tv show about mystery and the unexpected challenges that change everything.
s01650,Movie,Lost in the Stars 99,Arjun Patel,Riya Kapoor,Spain,"March 22, 2016",1992,PG,110 min,Sports Movies,A movie about love and the unexpected challenges that change everything.
s01651,Movie,Midnight in Mumbai 43,James Anderson,Amit Verma,Australia,"October 8, 2015",1995,R,120 min,International TV Shows,A movie about mystery and the unexpected challenges that change everything.
s01652,Movie,The Final Mission 191,Anil Verma,Various Artists,Australia,"August 18, 2016",2008,PG-13,82 min,Horror Movies,A movie about mystery and the unexpected challenges that change everything.
s01653,Movie,The Final Mission 126,Chris Taylor,Michael Brown,United States,"July 29, 2015",2001,TV-14,150 min,Romantic Movies,A movie about justice and the unexpected challenges that change everything.
s01654,Movie,Shadow of the Past 69,Chris Taylor,Neha Patel,South Korea,"August 27, 2017",1998,PG,120 min,Comedies,A movie about survival and the unexpected challenges that change everything.
s01655,Movie,Desert Storm 188,Sarah Williams,Riya Kapoor,Singapore,"April 24, 2021",1995,TV-MA,90 min,Anime Series,A movie about justice and the unexpected challenges that change everything.
s01656,TV Show,The Forgotten Path 10,Anil Verma,Emily Stone,United Kingdom,"July 8, 2015",2007,PG,3 Seasons,Romantic Movies,A tv show about justice and the unexpected challenges that change everything.
s01657,Movie,Into the Wild 85,David Wilson,Raj Kumar,Germany,"May 16, 2016",2006,NR,120 min,Stand-Up Comedy,A movie about justice and the unexpected challenges that change everything.
s01658,Movie,Dangerous Game 218,Daniel Lee,Michael Brown,Mexico,"November 19, 2016",2018,PG,110 min,Music and Musicals,A movie about ambition and the unexpected challenges that change everything.
s01659,Movie,Hidden Truth 230,Aarav Sharma,Sarah Lee,Brazil,"June 27, 2020",2020,TV-14,120 min,Anime Series,A movie about mystery and the unexpected challenges that change everything.
s01660,Movie,Broken Hearts 26,James Anderson,Neha Patel,United States,"April 2, 2021",1997,TV-PG,150 min,Romantic Movies,A movie about mystery and the unexpected challenges that change everything.
s01661,Movie,The Secret Island 271,Karan Malhotra,Daniel Kim,Spain,"November 25, 2019",2016,TV-PG,90 min,Crime TV Shows,A movie about friendship and the unexpected challenges that change everything.
s01662,Movie,Lost in the Stars 144,Robert Davis,Amit Verma,Brazil,"July 4, 2018",1994,PG,135 min,Stand-Up Comedy,A movie about love and the unexpected challenges that change everything.
s01663,TV Show,Rise of the Phoenix 47,Raj Mehta,Amit Verma,Canada,"September 16, 2015",2020,TV-PG,3 Seasons,Sci-Fi and Fantasy,A tv show about family and the unexpected challenges that change everything.
s01664,Movie,City of Dreams 208,Daniel Lee,Daniel Kim,France,"June 8, 2016",2012,TV-14,95 min,Thrillers,A movie about survival and the unexpected challenges that change everything.
s01665,TV Show,The Silent Witness 155,Arjun Patel,Priya Shah,South Korea,"May 29, 2015",1995,TV-14,4 Seasons,Stand-Up Comedy,A tv show about adventure and the unexpected challenges that change everything.
s01666,TV Show,Edge of Tomorrow 174,Arjun Patel,David Wilson,Singapore,"September 18, 2019",2014,NR,6 Seasons,Documentaries,A tv show about family and the unexpected challenges that change everything.
s01667,Movie,Dark Secrets 264,Michael Brown,Arjun Mehta,Brazil,"April 14, 2020",1990,TV-PG,120 min,Crime TV Shows,A movie about mystery and the unexpected challenges that change everything.
s01668,TV Show,Dangerous Game 199,Neha Singh,Vikram Singh,France,"September 20, 2016",2021,TV-14,3 Seasons,Music and Musicals,A tv show about friendship and the unexpected challenges that change everything.
s01669,Movie,Ocean of Fire 21,David Wilson,Sarah Lee,South Korea,"April 30, 2016",1997,PG,110 min,Dramas,A movie about ambition and the unexpected challenges that change everything.
s01670,TV Show,Edge of Tomorrow 248,John Carter,Sarah Lee,United Kingdom,"January 6, 2016",2009,NR,2 Seasons,Comedies,A tv show about adventure and the unexpected challenges that change everything.
s01671,Movie,Hidden Truth 58,Neha Singh,John Smith,South Korea,"April 30, 2021",2003,G,90 min,Anime Series,A movie about love and the unexpected challenges that change everything.
s01672,TV Show,Hidden Truth 249,Robert Davis,David Wilson,Italy,"September 9, 2020",2018,NR,1 Season,Children and Family Movies,A tv show about ambition and the unexpected challenges that change everything.
s01673,TV Show,City of Dreams 285,David Wilson,David Wilson,Italy,"August 17, 2019",2011,TV-14,4 Seasons,Action and Adventure,A tv show about survival and the unexpected challenges that change everything.
s01674,TV Show,Future World 232,Sarah Williams,David Wilson,Brazil,"July 2, 2016",2018,TV-MA,2 Seasons,Crime TV Shows,A tv show about love and the unexpected challenges that change everything.
s01675,TV Show,Broken Hearts 102,Karan Malhotra,David Wilson,Italy,"April 27, 2017",2017,NR,1 Season,Music and Musicals,A tv show about ambition and the unexpected challenges that change everything.
s01676,Movie,Love in Paris 166,Aarav Sharma,Olivia James,France,"October 15, 2021",2020,PG-13,82 min,Sports Movies,A movie about survival and the unexpected challenges that change everything.
s01677,Movie,Winter Nights 225,Arjun Patel,Arjun Mehta,Singapore,"August 23, 2020",2014,PG,82 min,Romantic Movies,A movie about ambition and the unexpected challenges that change everything.
s01678,Movie,Into the Wild 249,James Anderson,John Smith,United Kingdom,"January 1, 2018",2020,TV-MA,110 min,Children and Family Movies,A movie about adventure and the unexpected challenges that change everything.
s01679,Movie,Code Zero 216,Chris Taylor,Emma Clark,United States,"August 25, 2016",2002,NR,101 min,Comedies,A movie about family and the unexpected challenges that change everything.
s01680,Movie,Dream Catcher 220,Arjun Patel,Chris Taylor,South Korea,"April 14, 2019",1997,TV-MA,110 min,Children and Family Movies,A movie about ambition and the unexpected challenges that change everything.
s01681,Movie,The Forgotten Path 221,Robert Davis,Raj Kumar,Australia,"December 27, 2016",1994,PG-13,90 min,Sci-Fi and Fantasy,A movie about survival and the unexpected challenges that change everything.
s01682,TV Show,Love in Paris 164,Raj Mehta,Chris Taylor,South Korea,"December 1, 2017",1998,PG-13,6 Seasons,Comedies,A tv show about family and the unexpected challenges that change everything.
s01683,Movie,Beyond the Horizon 58,Aarav Sharma,Rahul Sharma,Mexico,"October 10, 2015",2003,G,95 min,Romantic Movies,A movie about family and the unexpected challenges that change everything.
s01684,TV Show,Into the Wild 129,Sarah Williams,Amit Verma,Mexico,"March 23, 2020",2012,TV-PG,6 Seasons,Music and Musicals,A tv show about ambition and the unexpected challenges that change everything.
s01685,Movie,The Secret Island 153,Emma Johnson,Riya Kapoor,Germany,"August 5, 2017",2011,R,150 min,Sports Movies,A movie about friendship and the unexpected challenges that change everything.
s01686,TV Show,Lost in the Stars 67,Anil Verma,Riya Kapoor,United States,"February 22, 2018",1995,TV-PG,5 Seasons,International Movies,A tv show about ambition and the unexpected challenges that change everything.
s01687,TV Show,Code Zero 53,John Carter,Arjun Mehta,Italy,"September 28, 2016",1991,PG-13,4 Seasons,Stand-Up Comedy,A tv show about friendship and the unexpected challenges that change everything.
s01688,Movie,City of Dreams 82,Emma Johnson,John Smith,Singapore,"April 5, 2017",2012,G,82 min,Horror Movies,A movie about mystery and the unexpected challenges that change everything.
s01689,Movie,Hidden Truth 204,Karan Malhotra,Rahul Sharma,Singapore,"October 22, 2017",2011,R,75 min,International TV Shows,A movie about justice and the unexpected challenges that change everything.
s01690,TV Show,The Final Mission 103,Neha Singh,Michael Brown,Mexico,"March 15, 2017",2013,TV-PG,3 Seasons,Comedies,A tv show about ambition and the unexpected challenges that change everything.
s01691,Movie,Edge of Tomorrow 212,David Wilson,Olivia James,Japan,"October 23, 2018",1990,TV-MA,120 min,Horror Movies,A movie about friendship and the unexpected challenges that change everything.
s01692,Movie,The Lost Treasure 117,Neha Singh,Amit Verma,Japan,"April 4, 2020",2009,PG-13,135 min,Crime TV Shows,A movie about family and the unexpected challenges that change everything.
s01693,Movie,Ocean of Fire 105,Daniel Lee,Raj Kumar,Mexico,"January 18, 2017",2004,PG,95 min,Action and Adventure,A movie about mystery and the unexpected challenges that change everything.
s01694,Movie,The Golden Road 216,Chris Taylor,Neha Patel,France,"February 15, 2015",2011,PG,150 min,Stand-Up Comedy,A movie about justice and the unexpected challenges that change everything.
s01695,Movie,Edge of Tomorrow 24,Riya Sharma,Raj Kumar,South Korea,"August 17, 2017",2020,PG,110 min,International TV Shows,A movie about justice and the unexpected challenges that change everything.
s01696,Movie,Shadow of the Past 35,Chris Taylor,Sophia Martin,Canada,"January 21, 2019",2013,TV-PG,120 min,Children and Family Movies,A movie about ambition and the unexpected challenges that change everything.
s01697,Movie,Midnight in Mumbai 16,John Carter,Sophia Martin,Australia,"February 16, 2019",2016,PG,82 min,Horror Movies,A movie about survival and the unexpected challenges that change everything.
s01698,Movie,Hidden Truth 243,Robert Davis,Arjun Mehta,Germany,"June 23, 2020",2011,NR,75 min,Thrillers,A movie about love and the unexpected challenges that change everything.
s01699,TV Show,The Last Warrior 271,Sofia Martin,Neha Patel,France,"June 30, 2017",2014,G,8 Seasons,Dramas,A tv show about mystery and the unexpected challenges that change everything.
s01700,Movie,Into the Wild 193,Arjun Patel,Sarah Lee,France,"December 8, 2019",2004,TV-PG,120 min,International Movies,A movie about family and the unexpected challenges that change everything.
s01701,TV Show,Dark Secrets 115,Priya Kapoor,Daniel Kim,India,"October 20, 2019",1993,PG-13,2 Seasons,Romantic Movies,A tv show about ambition and the unexpected challenges that change everything.
s01702,Movie,Into the Wild 75,Neha Singh,Riya Kapoor,Brazil,"August 15, 2018",2007,R,120 min,Children and Family Movies,A movie about survival and the unexpected challenges that change everything.
s01703,Movie,Winter Nights 103,Sofia Martin,Emily Stone,Italy,"February 14, 2019",1998,PG,150 min,Stand-Up Comedy,A movie about adventure and the unexpected challenges that change everything.
s01704,Movie,Dream Catcher 215,James Anderson,Sophia Martin,Brazil,"February 3, 2021",1996,NR,101 min,Sports Movies,A movie about love and the unexpected challenges that change everything.
s01705,Movie,Edge of Tomorrow 39,David Wilson,David Wilson,Japan,"June 20, 2021",1992,TV-MA,150 min,Crime TV Shows,A movie about justice and the unexpected challenges that change everything.
s01706,Movie,Mystery House 49,David Wilson,Emily Stone,France,"August 16, 2020",2015,G,120 min,Anime Series,A movie about adventure and the unexpected challenges that change everything.
s01707,Movie,Mystery House 176,Raj Mehta,Vikram Singh,Canada,"January 17, 2021",2004,TV-PG,150 min,Action and Adventure,A movie about ambition and the unexpected challenges that change everything.
s01708,Movie,The Silent Witness 132,Anil Verma,Vikram Singh,Canada,"September 27, 2017",2009,TV-PG,135 min,Action and Adventure,A movie about survival and the unexpected challenges that change everything.
s01709,Movie,The Silent Witness 117,James Anderson,Rahul Sharma,Australia,"December 20, 2021",1993,R,90 min,Sports Movies,A movie about survival and the unexpected challenges that change everything.
s01710,Movie,The Golden Road 28,Daniel Lee,Priya Shah,Germany,"December 29, 2019",2002,R,110 min,Thrillers,A movie about mystery and the unexpected challenges that change everything.
s01711,Movie,Lost in the Stars 35,Raj Mehta,Daniel Kim,Spain,"October 4, 2020",2005,NR,135 min,Documentaries,A movie about justice and the unexpected challenges that change everything.
s01712,Movie,Ocean of Fire 217,David Wilson,Chris Taylor,Australia,"September 14, 2020",2005,TV-14,110 min,Romantic Movies,A movie about adventure and the unexpected challenges that change everything.
s01713,TV Show,Rise of the Phoenix 83,John Carter,Raj Kumar,Mexico,"January 24, 2020",1990,TV-MA,6 Seasons,Anime Series,A tv show about justice and the unexpected challenges that change everything.
s01714,Movie,Dream Catcher 22,James Anderson,John Smith,Brazil,"July 22, 2019",2013,G,101 min,International Movies,A movie about friendship and the unexpected challenges that change everything.
s01715,Movie,Rise of the Phoenix 109,Arjun Patel,Ananya Singh,Japan,"September 10, 2016",2009,G,75 min,International TV Shows,A movie about ambition and the unexpected challenges that change everything.
s01716,TV Show,Desert Storm 181,Karan Malhotra,Chris Taylor,France,"August 1, 2021",1993,TV-14,1 Season,Thrillers,A tv show about mystery and the unexpected challenges that change everything.
s01717,Movie,Winter Nights 68,Sarah Williams,Priya Shah,South Korea,"August 27, 2019",1993,G,110 min,Thrillers,A movie about adventure and the unexpected challenges that change everything.
s01718,Movie,The Lost Treasure 169,Arjun Patel,Daniel Kim,Japan,"June 30, 2015",2007,TV-14,110 min,Action and Adventure,A movie about justice and the unexpected challenges that change everything.
s01719,TV Show,The Secret Island 66,Arjun Patel,Sarah Lee,Brazil,"April 7, 2019",2010,PG-13,3 Seasons,Sci-Fi and Fantasy,A tv show about justice and the unexpected challenges that change everything.
s01720,Movie,The Forgotten Path 103,Chris Taylor,Michael Brown,Spain,"June 24, 2019",2004,PG-13,75 min,Thrillers,A movie about love and the unexpected challenges that change everything.
s01721,Movie,Code Zero 285,Robert Davis,Raj Kumar,Canada,"September 17, 2020",2011,PG,110 min,Sci-Fi and Fantasy,A movie about mystery and the unexpected challenges that change everything.
s01722,Movie,Desert Storm 85,David Wilson,Neha Patel,Italy,"August 24, 2016",2006,PG-13,135 min,Sports Movies,A movie about mystery and the unexpected challenges that change everything.
s01723,Movie,Shadow of the Past 159,Michael Brown,Amit Verma,Spain,"April 26, 2018",2008,PG-13,120 min,Children and Family Movies,A movie about adventure and the unexpected challenges that change everything.
s01724,Movie,The Silent Witness 49,Priya Kapoor,Neha Patel,Japan,"January 1, 2018",1994,TV-PG,75 min,Children and Family Movies,A movie about survival and the unexpected challenges that change everything.
s01725,Movie,The Golden Road 176,Karan Malhotra,Various Artists,France,"November 15, 2019",2003,NR,90 min,International TV Shows,A movie about love and the unexpected challenges that change everything.
s01726,Movie,Broken Hearts 2,Karan Malhotra,Arjun Mehta,Australia,"January 27, 2018",2008,PG,120 min,Music and Musicals,A movie about love and the unexpected challenges that change everything.
s01727,Movie,Dream Catcher 123,Karan Malhotra,Sophia Martin,United Kingdom,"March 8, 2021",1994,NR,120 min,Dramas,A movie about family and the unexpected challenges that change everything.
s01728,TV Show,The Forgotten Path 140,Daniel Lee,Olivia James,Canada,"November 12, 2018",2018,R,2 Seasons,Children and Family Movies,A tv show about family and the unexpected challenges that change everything.
s01729,TV Show,Mystery House 270,Priya Kapoor,Riya Kapoor,Germany,"November 15, 2018",2012,NR,5 Seasons,Dramas,A tv show about adventure and the unexpected challenges that change everything.
s01730,Movie,The Golden Road 106,Priya Kapoor,Riya Kapoor,Italy,"November 1, 2017",2021,TV-MA,120 min,International Movies,A movie about survival and the unexpected challenges that change everything.
s01731,Movie,Code Zero 69,John Carter,Michael Brown,Australia,"February 16, 2020",2002,TV-14,75 min,Sports Movies,A movie about adventure and the unexpected challenges that change everything.
s01732,Movie,Ocean of Fire 137,Emma Johnson,Priya Shah,Mexico,"December 28, 2015",2006,R,95 min,Sports Movies,A movie about love and the unexpected challenges that change everything.
s01733,Movie,Midnight in Mumbai 100,Emma Johnson,Rahul Sharma,Japan,"July 17, 2017",2007,TV-14,95 min,Action and Adventure,A movie about love and the unexpected challenges that change everything.
s01734,Movie,Code Zero 62,Robert Davis,Ananya Singh,Canada,"August 18, 2020",2014,R,95 min,Music and Musicals,A movie about justice and the unexpected challenges that change everything.
s01735,Movie,The Last Kingdom 114,Riya Sharma,Ananya Singh,South Korea,"November 18, 2017",2003,TV-14,95 min,Music and Musicals,A movie about family and the unexpected challenges that change everything.
s01736,TV Show,Rise of the Phoenix 143,John Carter,Sophia Martin,Canada,"July 9, 2017",1995,TV-14,5 Seasons,Horror Movies,A tv show about justice and the unexpected challenges that change everything.
s01737,Movie,Hidden Truth 170,Raj Mehta,Neha Patel,France,"September 23, 2016",2018,TV-14,135 min,Horror Movies,A movie about justice and the unexpected challenges that change everything.
s01738,Movie,The Silent Witness 260,Emma Johnson,Emma Clark,Spain,"July 10, 2021",2007,PG-13,135 min,Romantic Movies,A movie about survival and the unexpected challenges that change everything.
s01739,Movie,Code Zero 172,Arjun Patel,Various Artists,Japan,"January 23, 2017",1996,PG-13,101 min,Documentaries,A movie about survival and the unexpected challenges that change everything.
s01740,Movie,A New Beginning 75,Riya Sharma,Various Artists,Japan,"December 20, 2016",2003,NR,82 min,Romantic Movies,A movie about justice and the unexpected challenges that change everything.
s01741,TV Show,The Silent Witness 114,Anil Verma,Various Artists,Germany,"April 6, 2020",2019,NR,2 Seasons,Romantic Movies,A tv show about family and the unexpected challenges that change everything.
s01742,TV Show,Winter Nights 102,Neha Singh,Olivia James,India,"May 23, 2017",2002,NR,3 Seasons,Romantic Movies,A tv show about adventure and the unexpected challenges that change everything.
s01743,TV Show,Winter Nights 210,Sarah Williams,Sarah Lee,Canada,"May 23, 2017",2015,PG-13,5 Seasons,Sci-Fi and Fantasy,A tv show about survival and the unexpected challenges that change everything.
s01744,Movie,Winter Nights 20,Karan Malhotra,Sophia Martin,India,"April 21, 2021",2015,PG-13,95 min,Thrillers,A movie about survival and the unexpected challenges that change everything.
s01745,Movie,City of Dreams 196,Priya Kapoor,David Wilson,Brazil,"April 22, 2015",2012,TV-PG,90 min,Romantic Movies,A movie about survival and the unexpected challenges that change everything.
s01746,Movie,Code Zero 52,Arjun Patel,Vikram Singh,Brazil,"January 20, 2018",1994,G,101 min,Documentaries,A movie about mystery and the unexpected challenges that change everything.
s01747,Movie,The Great Escape 98,Robert Davis,Riya Kapoor,United Kingdom,"June 3, 2016",2001,PG-13,110 min,International TV Shows,A movie about survival and the unexpected challenges that change everything.
s01748,Movie,Rise of the Phoenix 69,Robert Davis,Emma Clark,Spain,"April 8, 2020",2020,G,120 min,Dramas,A movie about ambition and the unexpected challenges that change everything.
s01749,TV Show,Midnight in Mumbai 137,Neha Singh,Riya Kapoor,Italy,"July 10, 2016",1999,TV-PG,4 Seasons,Children and Family Movies,A tv show about friendship and the unexpected challenges that change everything.
s01750,Movie,Dangerous Game 289,Priya Kapoor,Daniel Kim,Italy,"November 21, 2017",2019,PG-13,101 min,International TV Shows,A movie about friendship and the unexpected challenges that change everything.
s01751,Movie,The Forgotten Path 30,Neha Singh,David Wilson,South Korea,"August 1, 2016",2007,R,95 min,Sports Movies,A movie about mystery and the unexpected challenges that change everything.
s01752,Movie,The Last Kingdom 29,John Carter,Sarah Lee,United Kingdom,"March 1, 2021",1992,PG,135 min,Music and Musicals,A movie about friendship and the unexpected challenges that change everything.
s01753,Movie,Winter Nights 185,James Anderson,Sophia Martin,Canada,"April 18, 2016",2018,PG-13,120 min,Comedies,A movie about family and the unexpected challenges that change everything.
s01754,Movie,Midnight in Mumbai 62,Anil Verma,Michael Brown,Australia,"June 23, 2017",1992,PG,135 min,Sci-Fi and Fantasy,A movie about family and the unexpected challenges that change everything.
s01755,TV Show,The Great Escape 68,Michael Brown,John Smith,South Korea,"March 5, 2016",2014,G,8 Seasons,Thrillers,A tv show about love and the unexpected challenges that change everything.
s01756,TV Show,Broken Hearts 231,Robert Davis,Neha Patel,Canada,"March 10, 2018",2001,TV-14,4 Seasons,Documentaries,A tv show about survival and the unexpected challenges that change everything.
s01757,TV Show,Broken Hearts 130,Riya Sharma,Michael Brown,Australia,"June 16, 2021",2018,PG-13,6 Seasons,Dramas,A tv show about love and the unexpected challenges that change everything.
s01758,Movie,Winter Nights 172,John Carter,Arjun Mehta,Singapore,"March 19, 2017",2021,PG,135 min,Horror Movies,A movie about love and the unexpected challenges that change everything.
s01759,Movie,The Forgotten Path 47,Chris Taylor,Sarah Lee,Germany,"January 31, 2015",1991,PG,110 min,Horror Movies,A movie about mystery and the unexpected challenges that change everything.
s01760,Movie,A New Beginning 110,Raj Mehta,Amit Verma,India,"July 27, 2021",1994,G,120 min,Stand-Up Comedy,A movie about justice and the unexpected challenges that change everything.
s01761,Movie,The Lost Treasure 106,Aarav Sharma,Various Artists,United States,"February 27, 2015",2001,PG,75 min,Anime Series,A movie about friendship and the unexpected challenges that change everything.
s01762,TV Show,Code Zero 256,Anil Verma,Rahul Sharma,Germany,"September 15, 2018",2013,PG-13,5 Seasons,Crime TV Shows,A tv show about family and the unexpected challenges that change everything.
s01763,Movie,The Golden Road 162,John Carter,Neha Patel,India,"November 13, 2016",1994,TV-14,150 min,Romantic Movies,A movie about family and the unexpected challenges that change everything.
s01764,Movie,Broken Hearts 71,Chris Taylor,Vikram Singh,Italy,"May 22, 2021",2020,R,82 min,Anime Series,A movie about mystery and the unexpected challenges that change everything.
s01765,Movie,Rise of the Phoenix 55,Chris Taylor,Amit Verma,Italy,"January 17, 2019",1992,PG,82 min,Romantic Movies,A movie about survival and the unexpected challenges that change everything.
s01766,Movie,Rise of the Phoenix 3,Karan Malhotra,Emma Clark,United States,"February 1, 2016",2015,G,101 min,Dramas,A movie about ambition and the unexpected challenges that change everything.
s01767,TV Show,The Silent Witness 126,Raj Mehta,Sarah Lee,South Korea,"November 9, 2015",2013,G,2 Seasons,Children and Family Movies,A tv show about adventure and the unexpected challenges that change everything.
s01768,Movie,Broken Hearts 198,Anil Verma,Rahul Sharma,Germany,"May 8, 2019",2000,R,110 min,Thrillers,A movie about adventure and the unexpected challenges that change everything.
s01769,Movie,Winter Nights 186,Michael Brown,Daniel Kim,Japan,"February 13, 2021",2006,TV-PG,82 min,Dramas,A movie about friendship and the unexpected challenges that change everything.
s01770,Movie,Winter Nights 11,Michael Brown,Rahul Sharma,South Korea,"July 25, 2020",1996,TV-14,110 min,Crime TV Shows,A movie about adventure and the unexpected challenges that change everything.
s01771,Movie,Future World 146,Priya Kapoor,Daniel Kim,Japan,"October 9, 2018",2010,TV-PG,120 min,Children and Family Movies,A movie about adventure and the unexpected challenges that change everything.
s01772,TV Show,Edge of Tomorrow 104,Priya Kapoor,Riya Kapoor,United States,"November 17, 2020",2009,TV-PG,4 Seasons,International Movies,A tv show about ambition and the unexpected challenges that change everything.
s01773,TV Show,The Silent Witness 44,Chris Taylor,Daniel Kim,France,"May 1, 2019",2011,TV-MA,4 Seasons,Sports Movies,A tv show about ambition and the unexpected challenges that change everything.
s01774,TV Show,The Final Mission 114,Priya Kapoor,David Wilson,Spain,"July 6, 2020",2000,TV-14,1 Season,Romantic Movies,A tv show about family and the unexpected challenges that change everything.
s01775,TV Show,City of Dreams 30,Priya Kapoor,Emily Stone,Germany,"September 12, 2015",1997,PG,6 Seasons,Crime TV Shows,A tv show about ambition and the unexpected challenges that change everything.
s01776,Movie,The Final Mission 115,Priya Kapoor,John Smith,Brazil,"June 22, 2019",2009,PG,135 min,Children and Family Movies,A movie about family and the unexpected challenges that change everything.
s01777,Movie,Rise of the Phoenix 275,Raj Mehta,Raj Kumar,France,"October 8, 2015",1994,G,120 min,International Movies,A movie about survival and the unexpected challenges that change everything.
s01778,Movie,Beyond the Horizon 211,Robert Davis,John Smith,France,"November 24, 2015",2012,PG-13,95 min,Action and Adventure,A movie about ambition and the unexpected challenges that change everything.
s01779,Movie,The Secret Island 40,Arjun Patel,Raj Kumar,Japan,"July 11, 2017",2021,PG,75 min,Thrillers,A movie about adventure and the unexpected challenges that change everything.
s01780,TV Show,City of Dreams 27,Raj Mehta,Amit Verma,Australia,"September 4, 2020",2019,TV-PG,2 Seasons,Music and Musicals,A tv show about friendship and the unexpected challenges that change everything.
s01781,Movie,Midnight in Mumbai 170,Priya Kapoor,Olivia James,South Korea,"April 3, 2020",2018,G,90 min,Anime Series,A movie about love and the unexpected challenges that change everything.
s01782,TV Show,City of Dreams 188,Karan Malhotra,Amit Verma,Mexico,"June 16, 2015",1998,TV-PG,3 Seasons,International Movies,A tv show about love and the unexpected challenges that change everything.
s01783,Movie,The Silent Witness 97,Arjun Patel,Daniel Kim,Japan,"August 17, 2015",2004,G,110 min,Children and Family Movies,A movie about survival and the unexpected challenges that change everything.
s01784,Movie,The Silent Witness 279,Raj Mehta,Arjun Mehta,United States,"June 11, 2016",1996,NR,75 min,Thrillers,A movie about ambition and the unexpected challenges that change everything.
s01785,Movie,Midnight in Mumbai 72,Riya Sharma,David Wilson,Brazil,"June 7, 2016",1994,TV-PG,90 min,International Movies,A movie about friendship and the unexpected challenges that change everything.
s01786,TV Show,Beyond the Horizon 220,Daniel Lee,John Smith,France,"November 23, 2020",2010,TV-14,1 Season,Music and Musicals,A tv show about justice and the unexpected challenges that change everything.
s01787,Movie,Love in Paris 133,Riya Sharma,Chris Taylor,United Kingdom,"July 29, 2018",2011,TV-MA,101 min,Music and Musicals,A movie about justice and the unexpected challenges that change everything.
s01788,Movie,The Secret Island 161,Emma Johnson,Amit Verma,South Korea,"May 5, 2021",2000,PG,82 min,Music and Musicals,A movie about justice and the unexpected challenges that change everything.
s01789,Movie,The Golden Road 235,Priya Kapoor,Amit Verma,Canada,"March 3, 2020",2007,TV-PG,90 min,Documentaries,A movie about family and the unexpected challenges that change everything.
s01790,Movie,The Golden Road 117,Sarah Williams,David Wilson,Japan,"November 13, 2019",2019,TV-14,95 min,Documentaries,A movie about mystery and the unexpected challenges that change everything.
s01791,Movie,City of Dreams 241,Robert Davis,Arjun Mehta,Mexico,"September 8, 2019",1995,NR,150 min,Children and Family Movies,A movie about love and the unexpected challenges that change everything.
s01792,TV Show,The Forgotten Path 134,Neha Singh,Riya Kapoor,Italy,"October 24, 2018",2003,TV-PG,5 Seasons,Comedies,A tv show about ambition and the unexpected challenges that change everything.
s01793,Movie,Mystery House 166,Aarav Sharma,Daniel Kim,United Kingdom,"September 28, 2020",1999,TV-MA,90 min,Comedies,A movie about adventure and the unexpected challenges that change everything.
s01794,Movie,City of Dreams 72,James Anderson,Arjun Mehta,United States,"October 19, 2016",2017,NR,135 min,International TV Shows,A movie about adventure and the unexpected challenges that change everything.
s01795,Movie,Mystery House 247,James Anderson,Chris Taylor,Canada,"December 14, 2019",2019,NR,101 min,Sports Movies,A movie about family and the unexpected challenges that change everything.
s01796,Movie,The Golden Road 186,Emma Johnson,Various Artists,South Korea,"May 2, 2020",1995,PG,90 min,Children and Family Movies,A movie about survival and the unexpected challenges that change everything.
s01797,Movie,The Lost Treasure 150,Arjun Patel,Rahul Sharma,Germany,"June 20, 2020",2011,TV-14,110 min,Children and Family Movies,A movie about family and the unexpected challenges that change everything.
s01798,Movie,The Lost Treasure 26,Sofia Martin,Emma Clark,Italy,"February 12, 2017",1996,TV-MA,150 min,Thrillers,A movie about family and the unexpected challenges that change everything.
s01799,Movie,Ocean of Fire 99,Chris Taylor,Emily Stone,India,"August 3, 2019",2003,PG-13,90 min,International TV Shows,A movie about mystery and the unexpected challenges that change everything.
s01800,Movie,Rise of the Phoenix 51,Neha Singh,Rahul Sharma,India,"July 25, 2018",2012,TV-PG,120 min,Horror Movies,A movie about love and the unexpected challenges that change everything.
s01801,TV Show,Dangerous Game 104,Daniel Lee,Raj Kumar,Canada,"August 1, 2017",2007,PG,5 Seasons,Thrillers,A tv show about friendship and the unexpected challenges that change everything.
s01802,TV Show,The Lost Treasure 141,Riya Sharma,Riya Kapoor,Australia,"August 23, 2016",2010,R,6 Seasons,Romantic Movies,A tv show about survival and the unexpected challenges that change everything.
s01803,Movie,City of Dreams 183,Sarah Williams,Priya Shah,Italy,"March 30, 2021",2016,R,90 min,Anime Series,A movie about adventure and the unexpected challenges that change everything.
s01804,Movie,A New Beginning 79,Aarav Sharma,David Wilson,Japan,"March 25, 2019",2009,G,150 min,Anime Series,A movie about justice and the unexpected challenges that change everything.
s01805,Movie,Rise of the Phoenix 269,Anil Verma,Amit Verma,Mexico,"June 16, 2017",1991,PG-13,75 min,Action and Adventure,A movie about mystery and the unexpected challenges that change everything.
s01806,TV Show,Desert Storm 186,Riya Sharma,Olivia James,Canada,"December 10, 2017",1991,TV-14,1 Season,Anime Series,A tv show about love and the unexpected challenges that change everything.
s01807,Movie,Shadow of the Past 230,Arjun Patel,Priya Shah,Brazil,"March 13, 2017",1992,R,120 min,Romantic Movies,A movie about ambition and the unexpected challenges that change everything.
s01808,Movie,Dark Secrets 210,Priya Kapoor,Sarah Lee,Singapore,"December 4, 2016",1996,PG,82 min,Documentaries,A movie about mystery and the unexpected challenges that change everything.
s01809,Movie,Shadow of the Past 133,James Anderson,Emily Stone,Mexico,"November 25, 2015",1992,TV-PG,95 min,Sports Movies,A movie about love and the unexpected challenges that change everything.
s01810,Movie,Future World 94,Emma Johnson,Arjun Mehta,United States,"May 1, 2015",1993,TV-14,150 min,Sci-Fi and Fantasy,A movie about family and the unexpected challenges that change everything.
s01811,Movie,Winter Nights 129,Arjun Patel,Sarah Lee,Italy,"August 22, 2017",2016,NR,101 min,International Movies,A movie about justice and the unexpected challenges that change everything.
s01812,TV Show,Shadow of the Past 29,John Carter,Arjun Mehta,Japan,"May 18, 2019",2007,TV-MA,4 Seasons,Children and Family Movies,A tv show about family and the unexpected challenges that change everything.
s01813,Movie,Mystery House 297,Chris Taylor,Emma Clark,Spain,"March 28, 2019",1991,TV-PG,135 min,Sci-Fi and Fantasy,A movie about adventure and the unexpected challenges that change everything.
s01814,Movie,Code Zero 173,Sarah Williams,John Smith,Mexico,"August 9, 2018",2005,PG,95 min,Music and Musicals,A movie about ambition and the unexpected challenges that change everything.
s01815,Movie,Love in Paris 139,Aarav Sharma,Emily Stone,Singapore,"November 30, 2018",2012,PG-13,101 min,Children and Family Movies,A movie about survival and the unexpected challenges that change everything.
s01816,TV Show,Love in Paris 29,Emma Johnson,Riya Kapoor,India,"April 12, 2018",1992,TV-MA,1 Season,Music and Musicals,A tv show about adventure and the unexpected challenges that change everything.
s01817,Movie,Broken Hearts 143,Arjun Patel,Sarah Lee,Spain,"December 18, 2021",2017,G,101 min,International Movies,A movie about justice and the unexpected challenges that change everything.
s01818,TV Show,Into the Wild 42,James Anderson,Vikram Singh,Australia,"December 17, 2015",1998,G,1 Season,International Movies,A tv show about family and the unexpected challenges that change everything.
s01819,Movie,Broken Hearts 208,Sarah Williams,Emily Stone,Brazil,"October 26, 2015",1999,R,110 min,Anime Series,A movie about ambition and the unexpected challenges that change everything.
s01820,Movie,Desert Storm 160,Aarav Sharma,Riya Kapoor,Italy,"April 30, 2018",2021,NR,135 min,Comedies,A movie about ambition and the unexpected challenges that change everything.
s01821,Movie,Dangerous Game 258,Neha Singh,Raj Kumar,Canada,"January 24, 2017",2013,TV-PG,75 min,Crime TV Shows,A movie about family and the unexpected challenges that change everything.
s01822,Movie,Hidden Truth 166,Neha Singh,Raj Kumar,Mexico,"May 23, 2018",2020,NR,101 min,International TV Shows,A movie about survival and the unexpected challenges that change everything.
s01823,Movie,Beyond the Horizon 232,Daniel Lee,Michael Brown,Germany,"March 21, 2020",2015,TV-MA,110 min,Sports Movies,A movie about mystery and the unexpected challenges that change everything.
s01824,TV Show,Winter Nights 195,David Wilson,Daniel Kim,Australia,"April 14, 2019",2015,PG,6 Seasons,Stand-Up Comedy,A tv show about survival and the unexpected challenges that change everything.
s01825,Movie,Winter Nights 256,David Wilson,Sophia Martin,Singapore,"September 19, 2018",2014,TV-14,110 min,International TV Shows,A movie about adventure and the unexpected challenges that change everything.
s01826,Movie,The Forgotten Path 294,Robert Davis,Emily Stone,Mexico,"December 31, 2018",2012,TV-14,120 min,Crime TV Shows,A movie about justice and the unexpected challenges that change everything.
s01827,Movie,Mystery House 249,David Wilson,David Wilson,Canada,"March 18, 2018",1990,PG-13,135 min,International TV Shows,A movie about survival and the unexpected challenges that change everything.
s01828,TV Show,The Lost Treasure 283,Chris Taylor,Riya Kapoor,Brazil,"November 29, 2018",1999,TV-PG,2 Seasons,Crime TV Shows,A tv show about friendship and the unexpected challenges that change everything.
s01829,TV Show,The Last Kingdom 198,Priya Kapoor,Neha Patel,Japan,"January 14, 2016",2012,PG-13,8 Seasons,Romantic Movies,A tv show about ambition and the unexpected challenges that change everything.
s01830,Movie,The Last Warrior 28,John Carter,Daniel Kim,India,"July 9, 2016",2002,TV-14,120 min,Children and Family Movies,A movie about love and the unexpected challenges that change everything.
s01831,TV Show,Desert Storm 127,Anil Verma,Rahul Sharma,South Korea,"November 6, 2017",2016,G,2 Seasons,Stand-Up Comedy,A tv show about family and the unexpected challenges that change everything.
s01832,Movie,Dream Catcher 244,Robert Davis,Vikram Singh,Spain,"November 10, 2016",1992,TV-14,110 min,Documentaries,A movie about justice and the unexpected challenges that change everything.
s01833,Movie,Dangerous Game 231,Aarav Sharma,Sarah Lee,Australia,"March 17, 2015",2001,TV-PG,101 min,Dramas,A movie about justice and the unexpected challenges that change everything.
s01834,TV Show,Ocean of Fire 248,Daniel Lee,Sarah Lee,Canada,"August 19, 2017",2003,NR,6 Seasons,Horror Movies,A tv show about love and the unexpected challenges that change everything.
s01835,TV Show,The Silent Witness 158,Robert Davis,Sarah Lee,United States,"March 12, 2021",1994,NR,8 Seasons,Sports Movies,A tv show about ambition and the unexpected challenges that change everything.
s01836,Movie,Into the Wild 85,Riya Sharma,Neha Patel,Canada,"January 28, 2016",2000,G,90 min,Stand-Up Comedy,A movie about ambition and the unexpected challenges that change everything.
s01837,Movie,The Golden Road 99,Emma Johnson,Riya Kapoor,Brazil,"December 28, 2017",2016,PG-13,120 min,International TV Shows,A movie about survival and the unexpected challenges that change everything.
s01838,Movie,The Secret Island 216,Daniel Lee,Arjun Mehta,Australia,"October 5, 2017",2020,PG,82 min,Thrillers,A movie about survival and the unexpected challenges that change everything.
s01839,TV Show,Dream Catcher 94,Daniel Lee,Rahul Sharma,Spain,"November 3, 2016",2003,TV-PG,1 Season,Music and Musicals,A tv show about survival and the unexpected challenges that change everything.
s01840,Movie,The Last Kingdom 115,Daniel Lee,Riya Kapoor,Mexico,"August 28, 2019",2017,R,135 min,Children and Family Movies,A movie about friendship and the unexpected challenges that change everything.
s01841,Movie,Rise of the Phoenix 11,Chris Taylor,Sophia Martin,Spain,"January 31, 2015",2012,G,82 min,Romantic Movies,A movie about friendship and the unexpected challenges that change everything.
s01842,Movie,Into the Wild 130,Chris Taylor,Rahul Sharma,Italy,"November 1, 2018",1997,TV-MA,110 min,Music and Musicals,A movie about love and the unexpected challenges that change everything.
s01843,Movie,Lost in the Stars 27,Sofia Martin,John Smith,Mexico,"September 8, 2016",1992,PG-13,101 min,Dramas,A movie about justice and the unexpected challenges that change everything.
s01844,Movie,Love in Paris 101,Michael Brown,David Wilson,Canada,"May 20, 2017",2010,NR,101 min,Sci-Fi and Fantasy,A movie about survival and the unexpected challenges that change everything.
s01845,TV Show,Ocean of Fire 180,Karan Malhotra,Emma Clark,United Kingdom,"November 13, 2018",2002,PG,8 Seasons,Dramas,A tv show about friendship and the unexpected challenges that change everything.
s01846,Movie,Desert Storm 20,Sofia Martin,Neha Patel,India,"December 7, 2015",2020,TV-14,82 min,Anime Series,A movie about love and the unexpected challenges that change everything.
s01847,Movie,The Golden Road 148,Priya Kapoor,Sarah Lee,Spain,"February 7, 2015",2007,TV-PG,90 min,Dramas,A movie about justice and the unexpected challenges that change everything.
s01848,Movie,The Golden Road 121,Sarah Williams,Arjun Mehta,India,"April 10, 2019",2021,TV-14,120 min,Stand-Up Comedy,A movie about ambition and the unexpected challenges that change everything.
s01849,TV Show,Dark Secrets 169,Arjun Patel,Amit Verma,Singapore,"November 15, 2017",2014,PG,2 Seasons,International Movies,A tv show about mystery and the unexpected challenges that change everything.
s01850,Movie,Beyond the Horizon 225,David Wilson,Emma Clark,Japan,"September 8, 2018",1990,NR,82 min,Romantic Movies,A movie about mystery and the unexpected challenges that change everything.
s01851,Movie,Dark Secrets 261,Priya Kapoor,Sarah Lee,South Korea,"March 29, 2017",2002,TV-14,110 min,Sports Movies,A movie about family and the unexpected challenges that change everything.
s01852,TV Show,Code Zero 291,Emma Johnson,Raj Kumar,Spain,"July 9, 2017",2001,TV-MA,5 Seasons,Comedies,A tv show about survival and the unexpected challenges that change everything.
s01853,TV Show,The Last Kingdom 278,David Wilson,Raj Kumar,Australia,"April 27, 2021",1996,TV-MA,1 Season,Crime TV Shows,A tv show about ambition and the unexpected challenges that change everything.
s01854,TV Show,Hidden Truth 185,Raj Mehta,Neha Patel,Spain,"May 13, 2018",2004,PG,8 Seasons,Action and Adventure,A tv show about love and the unexpected challenges that change everything.
s01855,TV Show,The Final Mission 69,Arjun Patel,Priya Shah,Australia,"August 7, 2017",2013,R,3 Seasons,International Movies,A tv show about love and the unexpected challenges that change everything.
s01856,Movie,The Last Warrior 161,Sofia Martin,Neha Patel,United Kingdom,"November 17, 2019",1997,NR,90 min,Thrillers,A movie about justice and the unexpected challenges that change everything.
s01857,TV Show,The Silent Witness 212,Aarav Sharma,Rahul Sharma,Brazil,"March 13, 2021",2017,TV-14,8 Seasons,Sci-Fi and Fantasy,A tv show about mystery and the unexpected challenges that change everything.
s01858,Movie,The Last Kingdom 205,Sofia Martin,Priya Shah,Spain,"August 25, 2020",2002,TV-PG,82 min,Music and Musicals,A movie about adventure and the unexpected challenges that change everything.
s01859,TV Show,The Last Warrior 89,Michael Brown,Vikram Singh,South Korea,"July 4, 2016",2003,NR,6 Seasons,Stand-Up Comedy,A tv show about justice and the unexpected challenges that change everything.
s01860,TV Show,The Last Kingdom 254,Riya Sharma,John Smith,South Korea,"April 22, 2021",2013,R,3 Seasons,Thrillers,A tv show about adventure and the unexpected challenges that change everything.
s01861,TV Show,Dangerous Game 172,Arjun Patel,Daniel Kim,Brazil,"May 29, 2017",1998,G,1 Season,International TV Shows,A tv show about friendship and the unexpected challenges that change everything.
s01862,Movie,Edge of Tomorrow 178,Arjun Patel,Neha Patel,India,"September 26, 2017",2002,TV-14,110 min,Stand-Up Comedy,A movie about adventure and the unexpected challenges that change everything.
s01863,Movie,Hidden Truth 15,Anil Verma,Amit Verma,Germany,"December 29, 2021",1993,R,101 min,Anime Series,A movie about ambition and the unexpected challenges that change everything.
s01864,Movie,Love in Paris 208,James Anderson,John Smith,Germany,"August 2, 2015",1998,TV-MA,135 min,International Movies,A movie about survival and the unexpected challenges that change everything.
s01865,TV Show,Into the Wild 146,Arjun Patel,Vikram Singh,France,"September 4, 2017",1996,PG-13,4 Seasons,Sci-Fi and Fantasy,A tv show about friendship and the unexpected challenges that change everything.
s01866,TV Show,Code Zero 90,Aarav Sharma,Daniel Kim,India,"May 30, 2016",1994,PG-13,5 Seasons,Romantic Movies,A tv show about survival and the unexpected challenges that change everything.
s01867,Movie,The Golden Road 16,Aarav Sharma,Rahul Sharma,United States,"March 1, 2015",1992,TV-MA,101 min,Stand-Up Comedy,A movie about adventure and the unexpected challenges that change everything.
s01868,Movie,Beyond the Horizon 29,Riya Sharma,Ananya Singh,Singapore,"October 20, 2017",2012,G,150 min,Romantic Movies,A movie about survival and the unexpected challenges that change everything.
s01869,Movie,Future World 289,Aarav Sharma,Daniel Kim,India,"January 7, 2018",2014,NR,90 min,Documentaries,A movie about survival and the unexpected challenges that change everything.
s01870,TV Show,Lost in the Stars 279,Priya Kapoor,Sophia Martin,Canada,"February 5, 2016",2014,TV-MA,1 Season,Stand-Up Comedy,A tv show about adventure and the unexpected challenges that change everything.
s01871,TV Show,The Secret Island 93,Sarah Williams,Olivia James,United States,"February 11, 2021",2009,R,6 Seasons,Crime TV Shows,A tv show about love and the unexpected challenges that change everything.
s01872,Movie,Dark Secrets 275,Daniel Lee,Riya Kapoor,Singapore,"January 14, 2021",2010,G,75 min,Thrillers,A movie about love and the unexpected challenges that change everything.
s01873,Movie,The Last Warrior 77,Daniel Lee,Vikram Singh,Italy,"January 3, 2019",2007,PG-13,120 min,Sci-Fi and Fantasy,A movie about adventure and the unexpected challenges that change everything.
s01874,TV Show,The Secret Island 238,Emma Johnson,Emma Clark,Mexico,"October 29, 2021",1990,TV-MA,4 Seasons,Anime Series,A tv show about ambition and the unexpected challenges that change everything.
s01875,TV Show,A New Beginning 73,Priya Kapoor,Sophia Martin,Japan,"April 3, 2019",1990,TV-MA,6 Seasons,Stand-Up Comedy,A tv show about friendship and the unexpected challenges that change everything.
s01876,Movie,Desert Storm 189,Chris Taylor,Amit Verma,Italy,"May 5, 2020",2011,R,82 min,International Movies,A movie about family and the unexpected challenges that change everything.
s01877,Movie,City of Dreams 19,Arjun Patel,John Smith,United Kingdom,"August 26, 2020",2016,PG,90 min,Children and Family Movies,A movie about ambition and the unexpected challenges that change everything.
s01878,Movie,Hidden Truth 120,Riya Sharma,Olivia James,Japan,"November 22, 2015",1994,PG-13,82 min,International Movies,A movie about ambition and the unexpected challenges that change everything.
s01879,Movie,Dangerous Game 196,Priya Kapoor,John Smith,Australia,"August 18, 2016",1999,NR,95 min,Thrillers,A movie about friendship and the unexpected challenges that change everything.
s01880,Movie,The Great Escape 11,Arjun Patel,Emily Stone,India,"May 10, 2018",2016,R,75 min,Stand-Up Comedy,A movie about love and the unexpected challenges that change everything.
s01881,Movie,Lost in the Stars 218,John Carter,Sarah Lee,France,"November 24, 2018",2018,PG,135 min,Thrillers,A movie about justice and the unexpected challenges that change everything.
s01882,TV Show,The Last Warrior 222,Aarav Sharma,Various Artists,Brazil,"November 24, 2019",2020,R,8 Seasons,Horror Movies,A tv show about survival and the unexpected challenges that change everything.
s01883,Movie,Midnight in Mumbai 7,Raj Mehta,Amit Verma,South Korea,"August 14, 2016",2005,PG-13,90 min,International TV Shows,A movie about justice and the unexpected challenges that change everything.
s01884,TV Show,The Final Mission 16,Aarav Sharma,David Wilson,France,"October 14, 2017",1997,TV-PG,3 Seasons,Action and Adventure,A tv show about adventure and the unexpected challenges that change everything.
s01885,Movie,City of Dreams 12,Priya Kapoor,Arjun Mehta,Italy,"August 7, 2020",1992,NR,75 min,Sports Movies,A movie about family and the unexpected challenges that change everything.
s01886,Movie,Dangerous Game 178,Daniel Lee,Vikram Singh,Australia,"August 30, 2020",2000,PG-13,150 min,Romantic Movies,A movie about love and the unexpected challenges that change everything.
s01887,Movie,Into the Wild 273,Anil Verma,Ananya Singh,India,"March 25, 2021",2021,TV-14,120 min,Dramas,A movie about love and the unexpected challenges that change everything.
s01888,Movie,The Golden Road 153,Anil Verma,Riya Kapoor,United States,"July 30, 2018",1991,TV-PG,82 min,Documentaries,A movie about friendship and the unexpected challenges that change everything.
s01889,TV Show,Dark Secrets 92,Raj Mehta,Neha Patel,United States,"July 31, 2019",2010,G,8 Seasons,International Movies,A tv show about adventure and the unexpected challenges that change everything.
s01890,TV Show,Winter Nights 259,Aarav Sharma,Neha Patel,Australia,"April 8, 2017",2009,TV-14,1 Season,Music and Musicals,A tv show about ambition and the unexpected challenges that change everything.
s01891,Movie,Hidden Truth 103,James Anderson,Chris Taylor,Mexico,"June 12, 2020",1990,R,135 min,Children and Family Movies,A movie about survival and the unexpected challenges that change everything.
s01892,Movie,Mystery House 101,Chris Taylor,Sophia Martin,United Kingdom,"February 7, 2017",1995,NR,150 min,International TV Shows,A movie about adventure and the unexpected challenges that change everything.
s01893,TV Show,Shadow of the Past 237,Robert Davis,Priya Shah,France,"March 23, 2021",2015,PG-13,2 Seasons,International TV Shows,A tv show about friendship and the unexpected challenges that change everything.
s01894,Movie,Love in Paris 182,Robert Davis,Amit Verma,United States,"February 18, 2018",1996,NR,120 min,Documentaries,A movie about ambition and the unexpected challenges that change everything.
s01895,Movie,Shadow of the Past 122,Sofia Martin,Daniel Kim,France,"February 5, 2017",2020,G,120 min,Sports Movies,A movie about justice and the unexpected challenges that change everything.
s01896,TV Show,Rise of the Phoenix 285,James Anderson,Chris Taylor,South Korea,"September 17, 2017",1999,PG,3 Seasons,Stand-Up Comedy,A tv show about love and the unexpected challenges that change everything.
s01897,Movie,The Golden Road 273,Karan Malhotra,Daniel Kim,Canada,"October 26, 2019",2003,R,95 min,Horror Movies,A movie about survival and the unexpected challenges that change everything.
s01898,Movie,The Secret Island 256,Chris Taylor,Rahul Sharma,Singapore,"March 29, 2021",2015,G,110 min,Sci-Fi and Fantasy,A movie about adventure and the unexpected challenges that change everything.
s01899,Movie,Dark Secrets 24,Michael Brown,Sophia Martin,India,"May 10, 2016",2002,NR,101 min,Anime Series,A movie about friendship and the unexpected challenges that change everything.
s01900,TV Show,The Final Mission 25,Priya Kapoor,Arjun Mehta,Australia,"September 23, 2019",2016,TV-PG,6 Seasons,Stand-Up Comedy,A tv show about ambition and the unexpected challenges that change everything.
s01901,Movie,City of Dreams 116,Chris Taylor,Raj Kumar,Mexico,"May 24, 2021",2007,R,120 min,Romantic Movies,A movie about mystery and the unexpected challenges that change everything.
s01902,Movie,The Golden Road 37,Michael Brown,David Wilson,Spain,"April 21, 2020",2015,R,90 min,Anime Series,A movie about survival and the unexpected challenges that change everything.
s01903,TV Show,Rise of the Phoenix 227,Daniel Lee,Amit Verma,Brazil,"May 17, 2015",2021,NR,3 Seasons,Comedies,A tv show about family and the unexpected challenges that change everything.
s01904,Movie,The Lost Treasure 182,John Carter,John Smith,United States,"February 7, 2020",1999,TV-MA,75 min,Crime TV Shows,A movie about family and the unexpected challenges that change everything.
s01905,TV Show,The Forgotten Path 53,Sofia Martin,Daniel Kim,Mexico,"November 3, 2020",2017,TV-PG,2 Seasons,Sci-Fi and Fantasy,A tv show about family and the unexpected challenges that change everything.
s01906,Movie,Beyond the Horizon 267,Anil Verma,Neha Patel,Singapore,"June 12, 2018",2020,NR,135 min,Crime TV Shows,A movie about love and the unexpected challenges that change everything.
s01907,TV Show,Hidden Truth 100,Robert Davis,Emily Stone,Brazil,"March 8, 2016",2019,TV-PG,2 Seasons,Romantic Movies,A tv show about ambition and the unexpected challenges that change everything.
s01908,Movie,The Last Kingdom 15,Riya Sharma,Vikram Singh,France,"August 21, 2016",2020,TV-PG,150 min,Music and Musicals,A movie about mystery and the unexpected challenges that change everything.
s01909,Movie,Desert Storm 101,Daniel Lee,Emily Stone,Italy,"July 27, 2017",1994,TV-PG,135 min,International Movies,A movie about friendship and the unexpected challenges that change everything.
s01910,Movie,Shadow of the Past 29,James Anderson,Sophia Martin,France,"November 15, 2021",2007,NR,90 min,Dramas,A movie about survival and the unexpected challenges that change everything.
s01911,Movie,Edge of Tomorrow 130,Chris Taylor,Neha Patel,Spain,"April 29, 2020",2009,TV-PG,135 min,Dramas,A movie about justice and the unexpected challenges that change everything.
s01912,TV Show,Future World 244,Sofia Martin,Arjun Mehta,India,"September 28, 2015",1993,PG,1 Season,Romantic Movies,A tv show about love and the unexpected challenges that change everything.
s01913,TV Show,The Last Warrior 166,Robert Davis,David Wilson,United Kingdom,"August 2, 2015",2012,TV-14,8 Seasons,Horror Movies,A tv show about survival and the unexpected challenges that change everything.
s01914,Movie,Hidden Truth 90,John Carter,Riya Kapoor,Spain,"February 28, 2015",2008,NR,75 min,Anime Series,A movie about love and the unexpected challenges that change everything.
s01915,Movie,Beyond the Horizon 194,Emma Johnson,Daniel Kim,Australia,"April 22, 2017",2016,PG-13,150 min,Dramas,A movie about justice and the unexpected challenges that change everything.
s01916,TV Show,The Forgotten Path 139,David Wilson,Ananya Singh,Italy,"December 7, 2018",1994,R,6 Seasons,Sci-Fi and Fantasy,A tv show about mystery and the unexpected challenges that change everything.
s01917,TV Show,Rise of the Phoenix 50,Neha Singh,Arjun Mehta,United States,"October 22, 2021",2003,PG-13,6 Seasons,Sports Movies,A tv show about family and the unexpected challenges that change everything.
s01918,Movie,The Forgotten Path 202,Riya Sharma,Ananya Singh,United Kingdom,"December 5, 2020",1992,TV-MA,75 min,Sci-Fi and Fantasy,A movie about ambition and the unexpected challenges that change everything.
s01919,Movie,The Final Mission 191,Arjun Patel,David Wilson,France,"June 23, 2017",2001,TV-MA,101 min,Stand-Up Comedy,A movie about survival and the unexpected challenges that change everything.
s01920,Movie,Beyond the Horizon 78,Karan Malhotra,Emma Clark,France,"September 13, 2019",2013,PG,90 min,International TV Shows,A movie about mystery and the unexpected challenges that change everything.
s01921,Movie,Into the Wild 75,Priya Kapoor,Sophia Martin,Japan,"December 6, 2018",1996,PG-13,82 min,Sports Movies,A movie about family and the unexpected challenges that change everything.
s01922,Movie,The Lost Treasure 171,Anil Verma,Various Artists,India,"January 21, 2015",2004,TV-MA,90 min,International Movies,A movie about adventure and the unexpected challenges that change everything.
s01923,Movie,Lost in the Stars 48,David Wilson,Riya Kapoor,India,"May 19, 2018",2011,TV-PG,95 min,Action and Adventure,A movie about family and the unexpected challenges that change everything.
s01924,Movie,The Silent Witness 188,Raj Mehta,Arjun Mehta,Singapore,"March 18, 2018",2009,TV-14,90 min,Sports Movies,A movie about survival and the unexpected challenges that change everything.
s01925,TV Show,The Lost Treasure 151,Sarah Williams,Vikram Singh,India,"July 20, 2020",2002,TV-MA,6 Seasons,Thrillers,A tv show about adventure and the unexpected challenges that change everything.
s01926,Movie,Edge of Tomorrow 260,John Carter,Priya Shah,India,"December 28, 2017",2017,TV-14,75 min,Anime Series,A movie about adventure and the unexpected challenges that change everything.
s01927,Movie,The Final Mission 9,Aarav Sharma,John Smith,France,"April 25, 2017",2014,PG,150 min,Horror Movies,A movie about justice and the unexpected challenges that change everything.
s01928,Movie,Dangerous Game 101,Priya Kapoor,Sophia Martin,Spain,"January 6, 2016",2010,TV-PG,135 min,Sci-Fi and Fantasy,A movie about friendship and the unexpected challenges that change everything.
s01929,Movie,Rise of the Phoenix 243,David Wilson,Various Artists,United States,"August 9, 2019",2006,TV-14,90 min,Horror Movies,A movie about mystery and the unexpected challenges that change everything.
s01930,Movie,Shadow of the Past 43,Riya Sharma,Neha Patel,Canada,"May 26, 2016",2020,TV-14,82 min,Horror Movies,A movie about love and the unexpected challenges that change everything.
s01931,Movie,Dream Catcher 6,Anil Verma,Sarah Lee,United Kingdom,"March 23, 2021",2011,G,101 min,Anime Series,A movie about mystery and the unexpected challenges that change everything.
s01932,Movie,The Final Mission 100,Neha Singh,Michael Brown,Singapore,"October 15, 2020",2001,PG,95 min,Dramas,A movie about mystery and the unexpected challenges that change everything.
s01933,Movie,Hidden Truth 258,David Wilson,John Smith,United States,"June 14, 2018",2004,TV-14,135 min,International TV Shows,A movie about friendship and the unexpected challenges that change everything.
s01934,Movie,The Last Warrior 135,Neha Singh,John Smith,Italy,"February 11, 2016",2019,NR,75 min,Action and Adventure,A movie about survival and the unexpected challenges that change everything.
s01935,Movie,Broken Hearts 142,Sofia Martin,Vikram Singh,Italy,"March 25, 2018",2001,TV-14,101 min,Crime TV Shows,A movie about justice and the unexpected challenges that change everything.
s01936,TV Show,Beyond the Horizon 262,Arjun Patel,Riya Kapoor,Germany,"March 27, 2018",2016,PG-13,8 Seasons,Music and Musicals,A tv show about survival and the unexpected challenges that change everything.
s01937,Movie,Into the Wild 280,Priya Kapoor,Sarah Lee,Spain,"August 17, 2015",1995,TV-PG,75 min,International TV Shows,A movie about ambition and the unexpected challenges that change everything.
s01938,TV Show,Rise of the Phoenix 168,Chris Taylor,Arjun Mehta,Brazil,"August 6, 2018",2004,G,4 Seasons,Sports Movies,A tv show about justice and the unexpected challenges that change everything.
s01939,Movie,Shadow of the Past 203,Michael Brown,David Wilson,France,"September 1, 2017",2011,TV-MA,90 min,Crime TV Shows,A movie about ambition and the unexpected challenges that change everything.
s01940,Movie,Dream Catcher 24,Michael Brown,David Wilson,South Korea,"January 27, 2017",1990,TV-MA,120 min,Romantic Movies,A movie about love and the unexpected challenges that change everything.
s01941,Movie,Broken Hearts 44,David Wilson,Daniel Kim,India,"May 10, 2021",2001,TV-MA,120 min,Music and Musicals,A movie about love and the unexpected challenges that change everything.
s01942,Movie,A New Beginning 156,Anil Verma,Daniel Kim,United States,"August 29, 2018",1997,NR,120 min,Romantic Movies,A movie about mystery and the unexpected challenges that change everything.
s01943,TV Show,Dangerous Game 199,Riya Sharma,Michael Brown,Canada,"August 24, 2021",2012,R,4 Seasons,Music and Musicals,A tv show about ambition and the unexpected challenges that change everything.
s01944,Movie,Love in Paris 162,David Wilson,Sophia Martin,Italy,"June 27, 2020",2000,TV-MA,110 min,International Movies,A movie about family and the unexpected challenges that change everything.
s01945,TV Show,The Forgotten Path 163,Arjun Patel,Vikram Singh,Japan,"January 15, 2017",2009,TV-PG,2 Seasons,Music and Musicals,A tv show about adventure and the unexpected challenges that change everything.
s01946,Movie,Love in Paris 284,Arjun Patel,Raj Kumar,Japan,"December 1, 2017",2016,TV-PG,110 min,Sci-Fi and Fantasy,A movie about ambition and the unexpected challenges that change everything.
s01947,Movie,The Last Warrior 220,Sarah Williams,Vikram Singh,United Kingdom,"November 18, 2021",2013,PG-13,110 min,International TV Shows,A movie about love and the unexpected challenges that change everything.
s01948,Movie,Beyond the Horizon 118,Arjun Patel,John Smith,United States,"September 9, 2016",2002,NR,110 min,Anime Series,A movie about adventure and the unexpected challenges that change everything.
s01949,Movie,The Final Mission 100,Anil Verma,Sarah Lee,Singapore,"June 14, 2021",1994,PG,135 min,Children and Family Movies,A movie about survival and the unexpected challenges that change everything.
s01950,Movie,Broken Hearts 286,Anil Verma,Daniel Kim,United Kingdom,"September 19, 2017",1997,PG,95 min,Documentaries,A movie about adventure and the unexpected challenges that change everything.
s01951,Movie,The Great Escape 175,Arjun Patel,Raj Kumar,South Korea,"October 11, 2020",2015,TV-14,120 min,Thrillers,A movie about survival and the unexpected challenges that change everything.
s01952,Movie,Lost in the Stars 293,Karan Malhotra,Sophia Martin,Germany,"January 4, 2019",1991,PG-13,82 min,Sports Movies,A movie about ambition and the unexpected challenges that change everything.
s01953,Movie,Winter Nights 190,Priya Kapoor,Michael Brown,Mexico,"May 12, 2020",1996,TV-PG,110 min,Comedies,A movie about justice and the unexpected challenges that change everything.
s01954,TV Show,Ocean of Fire 53,Daniel Lee,Raj Kumar,South Korea,"November 28, 2021",2007,PG,8 Seasons,Music and Musicals,A tv show about love and the unexpected challenges that change everything.
s01955,TV Show,The Lost Treasure 132,Emma Johnson,Arjun Mehta,Germany,"April 30, 2016",1999,PG,5 Seasons,Horror Movies,A tv show about adventure and the unexpected challenges that change everything.
s01956,TV Show,Edge of Tomorrow 112,Sarah Williams,Olivia James,Mexico,"June 24, 2020",2014,TV-MA,6 Seasons,Horror Movies,A tv show about mystery and the unexpected challenges that change everything.
s01957,Movie,Ocean of Fire 230,James Anderson,Emma Clark,Mexico,"October 27, 2017",2017,TV-MA,101 min,Children and Family Movies,A movie about adventure and the unexpected challenges that change everything.
s01958,Movie,Shadow of the Past 223,Robert Davis,Raj Kumar,United States,"May 5, 2018",2004,G,82 min,International TV Shows,A movie about justice and the unexpected challenges that change everything.
s01959,Movie,Winter Nights 250,Michael Brown,Chris Taylor,Italy,"September 28, 2017",2009,G,150 min,Romantic Movies,A movie about justice and the unexpected challenges that change everything.
s01960,TV Show,Winter Nights 240,Anil Verma,Emily Stone,Japan,"June 7, 2019",2017,NR,3 Seasons,Horror Movies,A tv show about justice and the unexpected challenges that change everything.
s01961,Movie,Hidden Truth 263,David Wilson,Neha Patel,United Kingdom,"May 21, 2017",2012,PG,75 min,International Movies,A movie about friendship and the unexpected challenges that change everything.
s01962,Movie,Dream Catcher 290,Anil Verma,Rahul Sharma,Germany,"September 21, 2019",1999,PG,90 min,Crime TV Shows,A movie about ambition and the unexpected challenges that change everything.
s01963,TV Show,Into the Wild 58,Raj Mehta,Emma Clark,Italy,"February 7, 2016",1998,PG,4 Seasons,Romantic Movies,A tv show about survival and the unexpected challenges that change everything.
s01964,Movie,The Last Warrior 115,Aarav Sharma,Olivia James,South Korea,"August 20, 2018",2007,TV-MA,150 min,Comedies,A movie about love and the unexpected challenges that change everything.
s01965,Movie,The Great Escape 173,John Carter,John Smith,United Kingdom,"November 30, 2017",1999,TV-PG,82 min,Romantic Movies,A movie about adventure and the unexpected challenges that change everything.
s01966,Movie,Lost in the Stars 78,Sofia Martin,Riya Kapoor,South Korea,"March 3, 2017",2001,TV-14,120 min,Crime TV Shows,A movie about family and the unexpected challenges that change everything.
s01967,Movie,The Great Escape 27,James Anderson,Rahul Sharma,United States,"December 6, 2020",1997,G,120 min,Thrillers,A movie about family and the unexpected challenges that change everything.
s01968,Movie,Dangerous Game 191,Priya Kapoor,Chris Taylor,United Kingdom,"January 2, 2018",1993,TV-14,101 min,Documentaries,A movie about adventure and the unexpected challenges that change everything.
s01969,Movie,Midnight in Mumbai 284,Riya Sharma,Raj Kumar,United States,"November 26, 2019",2010,R,135 min,Comedies,A movie about friendship and the unexpected challenges that change everything.
s01970,Movie,Ocean of Fire 206,Daniel Lee,Amit Verma,Singapore,"July 17, 2019",1990,TV-PG,150 min,Crime TV Shows,A movie about survival and the unexpected challenges that change everything.
s01971,Movie,Dark Secrets 286,James Anderson,Raj Kumar,Australia,"January 21, 2017",2011,PG-13,135 min,Dramas,A movie about ambition and the unexpected challenges that change everything.
s01972,TV Show,Into the Wild 105,John Carter,Ananya Singh,Canada,"November 30, 2019",2007,TV-MA,2 Seasons,Documentaries,A tv show about justice and the unexpected challenges that change everything.
s01973,Movie,The Silent Witness 258,Sofia Martin,John Smith,Spain,"January 22, 2019",2001,PG,150 min,Romantic Movies,A movie about ambition and the unexpected challenges that change everything.
s01974,Movie,The Final Mission 221,Michael Brown,Rahul Sharma,United States,"May 13, 2020",2016,PG-13,101 min,International TV Shows,A movie about ambition and the unexpected challenges that change everything.
s01975,Movie,City of Dreams 258,Priya Kapoor,Vikram Singh,Japan,"December 13, 2016",2018,PG,95 min,Crime TV Shows,A movie about mystery and the unexpected challenges that change everything.
s01976,TV Show,Dark Secrets 202,Sarah Williams,Olivia James,Germany,"August 13, 2015",1991,TV-MA,4 Seasons,Stand-Up Comedy,A tv show about adventure and the unexpected challenges that change everything.
s01977,Movie,City of Dreams 183,Sarah Williams,Ananya Singh,France,"August 24, 2015",1997,TV-14,95 min,Horror Movies,A movie about mystery and the unexpected challenges that change everything.
s01978,Movie,Dangerous Game 246,Priya Kapoor,Neha Patel,Singapore,"March 7, 2020",2017,PG-13,110 min,Sports Movies,A movie about friendship and the unexpected challenges that change everything.
s01979,TV Show,Mystery House 111,Daniel Lee,Neha Patel,Singapore,"March 3, 2020",1995,PG-13,2 Seasons,Dramas,A tv show about mystery and the unexpected challenges that change everything.
s01980,TV Show,The Silent Witness 127,Priya Kapoor,Priya Shah,Singapore,"June 13, 2018",1997,PG,2 Seasons,Music and Musicals,A tv show about ambition and the unexpected challenges that change everything.
s01981,Movie,The Golden Road 155,Anil Verma,Chris Taylor,France,"January 18, 2017",1990,TV-PG,135 min,Music and Musicals,A movie about mystery and the unexpected challenges that change everything.
s01982,TV Show,The Lost Treasure 289,Daniel Lee,John Smith,Spain,"April 1, 2021",2019,TV-14,1 Season,Dramas,A tv show about friendship and the unexpected challenges that change everything.
s01983,Movie,Dream Catcher 288,Raj Mehta,Michael Brown,United States,"April 25, 2019",1994,PG-13,135 min,Stand-Up Comedy,A movie about love and the unexpected challenges that change everything.
s01984,Movie,The Last Kingdom 264,Aarav Sharma,Riya Kapoor,Canada,"February 23, 2017",2014,R,120 min,International TV Shows,A movie about family and the unexpected challenges that change everything.
s01985,Movie,A New Beginning 98,Neha Singh,Raj Kumar,Japan,"June 3, 2021",1998,TV-MA,82 min,Sci-Fi and Fantasy,A movie about love and the unexpected challenges that change everything.
s01986,Movie,A New Beginning 87,Chris Taylor,Daniel Kim,India,"August 20, 2021",1992,TV-MA,135 min,Romantic Movies,A movie about friendship and the unexpected challenges that change everything.
s01987,TV Show,The Last Kingdom 199,John Carter,Sarah Lee,Germany,"November 13, 2019",2004,PG-13,3 Seasons,Dramas,A tv show about justice and the unexpected challenges that change everything.
s01988,Movie,Lost in the Stars 84,Michael Brown,Daniel Kim,India,"October 20, 2021",2007,G,120 min,Dramas,A movie about friendship and the unexpected challenges that change everything.
s01989,Movie,The Great Escape 252,Neha Singh,Chris Taylor,France,"July 28, 2018",2019,TV-PG,75 min,Comedies,A movie about family and the unexpected challenges that change everything.
s01990,TV Show,Winter Nights 278,Emma Johnson,Olivia James,Mexico,"June 1, 2015",2000,NR,2 Seasons,Children and Family Movies,A tv show about friendship and the unexpected challenges that change everything.
s01991,TV Show,Future World 8,Emma Johnson,Daniel Kim,Canada,"September 8, 2019",1996,NR,8 Seasons,Dramas,A tv show about friendship and the unexpected challenges that change everything.
s01992,Movie,Dream Catcher 163,Neha Singh,Rahul Sharma,Mexico,"August 23, 2015",2006,NR,95 min,Comedies,A movie about mystery and the unexpected challenges that change everything.
s01993,Movie,Beyond the Horizon 38,John Carter,Vikram Singh,South Korea,"August 18, 2018",1997,NR,135 min,Romantic Movies,A movie about survival and the unexpected challenges that change everything.
s01994,Movie,Future World 219,Sofia Martin,Rahul Sharma,Australia,"February 25, 2016",2017,TV-PG,110 min,International TV Shows,A movie about ambition and the unexpected challenges that change everything.
s01995,TV Show,City of Dreams 34,James Anderson,Riya Kapoor,Germany,"January 6, 2020",2021,PG,8 Seasons,Sci-Fi and Fantasy,A tv show about love and the unexpected challenges that change everything.
s01996,Movie,Dangerous Game 273,Arjun Patel,Rahul Sharma,France,"April 2, 2020",1990,PG,120 min,Action and Adventure,A movie about mystery and the unexpected challenges that change everything.
s01997,TV Show,The Secret Island 221,Michael Brown,Arjun Mehta,South Korea,"March 16, 2020",1998,NR,4 Seasons,Romantic Movies,A tv show about friendship and the unexpected challenges that change everything.
s01998,Movie,The Forgotten Path 113,Karan Malhotra,Amit Verma,Spain,"December 30, 2019",2018,PG,150 min,Romantic Movies,A movie about love and the unexpected challenges that change everything.
s01999,Movie,Dangerous Game 186,Priya Kapoor,David Wilson,India,"May 13, 2018",2010,G,82 min,Comedies,A movie about family and the unexpected challenges that change everything.
s02000,Movie,Broken Hearts 266,Raj Mehta,Michael Brown,Australia,"May 5, 2018",1995,TV-PG,95 min,Crime TV Shows,A movie about justice and the unexpected challenges that change everything.
